Workbook

Sheet DTrades
A1: Trade No. | B1: Date | C1: Instrument | D1: Strike | E1: Type | F1: Entry | G1: Avg Entry | H1: SL | I1: TSL | J1: Buy/ Sell | K1: CMP | L1: Setup | M1: Base Duration | N1: Initial QTY | O1: Pyramid-1 Price | P1: P-1 QTY | Q1: P-1 Date | R1: Pyramid-2 Price | S1: P-2 QTY | T1: P-2 Date | U1: Position Size | V1: Allocation | W1: SL % | X1: Exit-1 Price | Y1: Exit-1 Qty | Z1: Date | AA1: Exit-2 Price | AB1: Exit-2 Qty | AC1: Date | AD1: Exit-3 Price | AE1: Exit-3 Qty | AF1: Date | AG1: Open QTY | AH1: Exited Qty | AI1: Avg. Exit Price | AJ1: Stock Move | AK1: Open Heat | AL1: Reward: Risk | AM1: Holding Days | AN1: Position Status | AO1: Close date | AP1: Realised Amount | AQ1: P/L Rs | AR1: PF Impact | AS1: Cumm pf | AT1: Plan Followed? | AU1: Exit Trigger | AV1: Proficiency | AW1: Growth Areas | AX1: Any other Observations
A2: 1 | B2: 45839 | C2: IMFA | F2: 804.5 | G2: =IF(ISBLANK(O2), F2, (N2*F2+O2*P2+R2*S2)/(N2+P2+S2)) -> 804.5 | H2: 797 | J2: B | K2: =IFERROR(__xludf.DUMMYFUNCTION("IF(ISBLANK(C2), """", GOOGLEFINANCE(""NSE:"" & C2,""price""))"),1507.0) -> 1507 | L2: No Setup | M2: 3-4 M | N2: 50 | U2: =if(G2*N2<>0, F2*N2+O2*P2+R2*S2, "") -> 40225 | V2: =IFS(AND(B2>=DATE(2025,1,1), B2<=DATE(2025,1,31)), U2/DDashboard!$C$2, AND(B2>=DATE(2025,2,1), B2<=DATE(2025,2,28)), U2/DDashboard!$C$3, AND(B2>=DATE(2025,3,1), B2<=DATE(2025,3,31)), U2/DDashboard!$C$4, AND(B2>=DATE(2025,4,1), B2<=DATE(2025,4,30)), U2/DDashboard!$C$5,AND(B2>=DATE(2025,5,1), B2<=DATE(2025,5,31)), U2/DDashboard!$C$6,AND(B2>=DATE(2025,6,1), B2<=DATE(2025,6,30)), U2/DDashboard!$C$7,AND(B2>=DATE(2025,7,1), B2<=DATE(2025,7,31)), U2/DDashboard!$C$8,AND(B2>=DATE(2025,8,1), B2<=DATE(2025,8,31)), U2/DDashboard!$C$9,AND(B2>=DATE(2025,9,1), B2<=DATE(2025,9,30)), U2/DDashboard!$C$10,AND(B2>=DATE(2025,10,1), B2<=DATE(2025,10,31)), U2/DDashboard!$C$11,AND(B2>=DATE(2025,11,1), B2<=DATE(2025,11,30)), U2/DDashboard!$C$12, AND(B2>=DATE(2025,12,1), B2<=DATE(2025,12,31)), U2/DDashboard!$C$13, True, "") -> 0.040225 | W2: =IFS(ISBLANK(H2),"",AND(ISNUMBER(H2),J2="B"),(F2-H2)/F2,AND(ISNUMBER(H2), J2="S"),-(F2-H2)/F2) -> 0.0093225606 | X2: 797 | Y2: 50 | Z2: 45839 | AG2: =IF(N2+P2+S2-AH2<>0,N2+P2+S2-AH2,"") | AH2: =if(Y2+AB2+AE2<>0, Y2+AB2+AE2, "") -> 50 | AI2: =IF(ISBLANK(E2), IF(ISBLANK(X2), K2, IFERROR(IF(ISBLANK(C2),X2*Y2+AA2*AB2+AD2*AE2+AG2*K2,X2*Y2+AA2*AB2+AD2*AE2+AG2*G2)/(Y2+AB2+AE2+AG2) , "")),(X2*Y2+AA2*AB2+AD2*AE2+AG2*G2)/(Y2+AB2+AE2+AG2)) -> 797 | AJ2: =IFERROR(IF(J2="B",(AI2-G2)/G2,(G2-AI2)/G2), "") -> -0.0093225606 | AK2: =IFERROR(IFS(AND(J2="B",ISBLANK(I2)),(G2-H2)*AG2,AND(J2="B",ISNUMBER(I2)),(G2-I2)*AG2,AND(J2="S",ISBLANK(I2)),(H2-G2)*AG2,AND(J2="S",ISNUMBER(I2)),(I2-G2)*AG2),"") -> 0 | AL2: =IFERROR(AJ2/W2, "") -> -1 | AM2: =IF(AN2="", "", IF(AN2="Closed", IF(ISNUMBER(AF2), AF2-B2, IF(ISNUMBER(AC2), AC2-B2, IF(ISNUMBER(Z2), Z2-B2, "") ) ), TODAY()-B2)) -> 0 | AN2: =IF(ISBLANK(N2), "", IF((N2+P2+S2-AH2)/N2=0, "Closed", (N2+P2+S2-AH2)/(N2+P2+S2))) -> Closed | AO2: =IFS(AND(ISBLANK(AF2),ISBLANK(AC2),AN2="Closed"),Z2, AND(ISBLANK(AF2),AN2="Closed", AC2<>""),AC2,AND(AN2="Closed", AF2<>""),AF2, AN2<>"Closed", "") -> 45839 | AP2: =IF(ISBLANK(N2), "", X2*Y2+AA2*AB2+AD2*AE2) -> 39850 | AQ2: =IFS(AND(ISBLANK(D2),N2<>"",AN2="Closed",J2="B"),(AH2*AI2)-U2,AND(ISBLANK(D2),N2<>"",AN2<>"Closed",J2="B"),(X2*Y2+AA2*AB2+AD2*AE2+K2*AG2)-U2, AND(ISBLANK(D2),N2<>"",AN2="Closed",J2="S"),U2-(AH2*AI2),AND(ISBLANK(D2),N2<>"",AN2<>"Closed",J2="S"),U2-(X2*Y2+AA2*AB2+AD2*AE2+K2*AG2),AND(D2<>"",N2<>"",AH2<>"",AN2="Closed",J2="B"),(AH2*AI2)-(G2*(AG2+AH2)),AND(D2<>"",N2<>"",AH2<>"",AN2="Closed",J2="S"),(G2*(AG2+AH2))-(AH2*AI2),AND(D2<>"",N2<>"",AN2<>"Closed"),"",ISBLANK(B2),"") -> -375 | AR2: =IFS(AND(B2>=DATE(2025,1,1), B2<=DATE(2025,1,31)), AQ2/DDashboard!$C$2, AND(B2>=DATE(2025,2,1), B2<=DATE(2025,2,28)), AQ2/DDashboard!$C$3, AND(B2>=DATE(2025,3,1), B2<=DATE(2025,3,31)), AQ2/DDashboard!$C$4, AND(B2>=DATE(2025,4,1), B2<=DATE(2025,4,30)), AQ2/DDashboard!$C$5,AND(B2>=DATE(2025,5,1), B2<=DATE(2025,5,31)), AQ2/DDashboard!$C$6,AND(B2>=DATE(2025,6,1), B2<=DATE(2025,6,30)), AQ2/DDashboard!$C$7,AND(B2>=DATE(2025,7,1), B2<=DATE(2025,7,31)), AQ2/DDashboard!$C$8,AND(B2>=DATE(2025,8,1), B2<=DATE(2025,8,31)), AQ2/DDashboard!$C$9,AND(B2>=DATE(2025,9,1), B2<=DATE(2025,9,30)), AQ2/DDashboard!$C$10,AND(B2>=DATE(2025,10,1), B2<=DATE(2025,10,31)), AQ2/DDashboard!$C$11,AND(B2>=DATE(2025,11,1), B2<=DATE(2025,11,30)), AQ2/DDashboard!$C$12, AND(B2>=DATE(2025,12,1), B2<=DATE(2025,12,31)), AQ2/DDashboard!$C$13, True, "") -> -0.000375 | AS2: {=IF(ISBLANK(C2), "", SUM($AR2:AR$8) )} -> 0.003415 | AT2: FALSE | AU2: SL | AV2: Small SL | AW2: Late Entry
A3: 2 | B3: 45839 | C3: RPOWER | F3: 67.93 | G3: =IF(ISBLANK(O3), F3, (N3*F3+O3*P3+R3*S3)/(N3+P3+S3)) -> 67.93 | H3: 67 | J3: B | K3: =IFERROR(__xludf.DUMMYFUNCTION("IF(ISBLANK(C3), """", GOOGLEFINANCE(""NSE:"" & C3,""price""))"),28.36) -> 28.36 | L3: No Setup | M3: 3-4 M | N3: 1000 | U3: =if(G3*N3<>0, F3*N3+O3*P3+R3*S3, "") -> 67930 | V3: =IFS(AND(B3>=DATE(2025,1,1), B3<=DATE(2025,1,31)), U3/DDashboard!$C$2, AND(B3>=DATE(2025,2,1), B3<=DATE(2025,2,28)), U3/DDashboard!$C$3, AND(B3>=DATE(2025,3,1), B3<=DATE(2025,3,31)), U3/DDashboard!$C$4, AND(B3>=DATE(2025,4,1), B3<=DATE(2025,4,30)), U3/DDashboard!$C$5,AND(B3>=DATE(2025,5,1), B3<=DATE(2025,5,31)), U3/DDashboard!$C$6,AND(B3>=DATE(2025,6,1), B3<=DATE(2025,6,30)), U3/DDashboard!$C$7,AND(B3>=DATE(2025,7,1), B3<=DATE(2025,7,31)), U3/DDashboard!$C$8,AND(B3>=DATE(2025,8,1), B3<=DATE(2025,8,31)), U3/DDashboard!$C$9,AND(B3>=DATE(2025,9,1), B3<=DATE(2025,9,30)), U3/DDashboard!$C$10,AND(B3>=DATE(2025,10,1), B3<=DATE(2025,10,31)), U3/DDashboard!$C$11,AND(B3>=DATE(2025,11,1), B3<=DATE(2025,11,30)), U3/DDashboard!$C$12, AND(B3>=DATE(2025,12,1), B3<=DATE(2025,12,31)), U3/DDashboard!$C$13, True, "") -> 0.06793 | W3: =IFS(ISBLANK(H3),"",AND(ISNUMBER(H3),J3="B"),(F3-H3)/F3,AND(ISNUMBER(H3), J3="S"),-(F3-H3)/F3) -> 0.013690564 | X3: 68.94 | Y3: 1000 | Z3: 45839 | AG3: =IF(N3+P3+S3-AH3<>0,N3+P3+S3-AH3,"") | AH3: =if(Y3+AB3+AE3<>0, Y3+AB3+AE3, "") -> 1000 | AI3: =IF(ISBLANK(E3), IF(ISBLANK(X3), K3, IFERROR(IF(ISBLANK(C3),X3*Y3+AA3*AB3+AD3*AE3+AG3*K3,X3*Y3+AA3*AB3+AD3*AE3+AG3*G3)/(Y3+AB3+AE3+AG3) , "")),(X3*Y3+AA3*AB3+AD3*AE3+AG3*G3)/(Y3+AB3+AE3+AG3)) -> 68.94 | AJ3: =IFERROR(IF(J3="B",(AI3-G3)/G3,(G3-AI3)/G3), "") -> 0.014868247 | AK3: =IFERROR(IFS(AND(J3="B",ISBLANK(I3)),(G3-H3)*AG3,AND(J3="B",ISNUMBER(I3)),(G3-I3)*AG3,AND(J3="S",ISBLANK(I3)),(H3-G3)*AG3,AND(J3="S",ISNUMBER(I3)),(I3-G3)*AG3),"") -> 0 | AL3: =IFERROR(AJ3/W3, "") -> 1.0860215 | AM3: =IF(AN3="", "", IF(AN3="Closed", IF(ISNUMBER(AF3), AF3-B3, IF(ISNUMBER(AC3), AC3-B3, IF(ISNUMBER(Z3), Z3-B3, "") ) ), TODAY()-B3)) -> 0 | AN3: =IF(ISBLANK(N3), "", IF((N3+P3+S3-AH3)/N3=0, "Closed", (N3+P3+S3-AH3)/(N3+P3+S3))) -> Closed | AO3: =IFS(AND(ISBLANK(AF3),ISBLANK(AC3),AN3="Closed"),Z3, AND(ISBLANK(AF3),AN3="Closed", AC3<>""),AC3,AND(AN3="Closed", AF3<>""),AF3, AN3<>"Closed", "") -> 45839 | AP3: =IF(ISBLANK(N3), "", X3*Y3+AA3*AB3+AD3*AE3) -> 68940 | AQ3: =IFS(AND(ISBLANK(D3),N3<>"",AN3="Closed",J3="B"),(AH3*AI3)-U3,AND(ISBLANK(D3),N3<>"",AN3<>"Closed",J3="B"),(X3*Y3+AA3*AB3+AD3*AE3+K3*AG3)-U3, AND(ISBLANK(D3),N3<>"",AN3="Closed",J3="S"),U3-(AH3*AI3),AND(ISBLANK(D3),N3<>"",AN3<>"Closed",J3="S"),U3-(X3*Y3+AA3*AB3+AD3*AE3+K3*AG3),AND(D3<>"",N3<>"",AH3<>"",AN3="Closed",J3="B"),(AH3*AI3)-(G3*(AG3+AH3)),AND(D3<>"",N3<>"",AH3<>"",AN3="Closed",J3="S"),(G3*(AG3+AH3))-(AH3*AI3),AND(D3<>"",N3<>"",AN3<>"Closed"),"",ISBLANK(B3),"") -> 1010 | AR3: =IFS(AND(B3>=DATE(2025,1,1), B3<=DATE(2025,1,31)), AQ3/DDashboard!$C$2, AND(B3>=DATE(2025,2,1), B3<=DATE(2025,2,28)), AQ3/DDashboard!$C$3, AND(B3>=DATE(2025,3,1), B3<=DATE(2025,3,31)), AQ3/DDashboard!$C$4, AND(B3>=DATE(2025,4,1), B3<=DATE(2025,4,30)), AQ3/DDashboard!$C$5,AND(B3>=DATE(2025,5,1), B3<=DATE(2025,5,31)), AQ3/DDashboard!$C$6,AND(B3>=DATE(2025,6,1), B3<=DATE(2025,6,30)), AQ3/DDashboard!$C$7,AND(B3>=DATE(2025,7,1), B3<=DATE(2025,7,31)), AQ3/DDashboard!$C$8,AND(B3>=DATE(2025,8,1), B3<=DATE(2025,8,31)), AQ3/DDashboard!$C$9,AND(B3>=DATE(2025,9,1), B3<=DATE(2025,9,30)), AQ3/DDashboard!$C$10,AND(B3>=DATE(2025,10,1), B3<=DATE(2025,10,31)), AQ3/DDashboard!$C$11,AND(B3>=DATE(2025,11,1), B3<=DATE(2025,11,30)), AQ3/DDashboard!$C$12, AND(B3>=DATE(2025,12,1), B3<=DATE(2025,12,31)), AQ3/DDashboard!$C$13, True, "") -> 0.00101 | AS3: {=IF(ISBLANK(C3), "", SUM($AR3:AR$8) )} -> 0.00379 | AT3: TRUE | AU3: Market Pressure | AV3: Exited in Strength | AW3: Late Entry
A4: 3 | B4: 45841 | C4: AMBER | F4: 7217 | G4: =IF(ISBLANK(O4), F4, (N4*F4+O4*P4+R4*S4)/(N4+P4+S4)) -> 7217 | H4: 7050 | J4: B | K4: =IFERROR(__xludf.DUMMYFUNCTION("IF(ISBLANK(C4), """", GOOGLEFINANCE(""NSE:"" & C4,""price""))"),7843.5) -> 7843.5 | L4: Trendline | M4: 5-6 M | N4: 15 | U4: =if(G4*N4<>0, F4*N4+O4*P4+R4*S4, "") -> 108255 | V4: =IFS(AND(B4>=DATE(2025,1,1), B4<=DATE(2025,1,31)), U4/DDashboard!$C$2, AND(B4>=DATE(2025,2,1), B4<=DATE(2025,2,28)), U4/DDashboard!$C$3, AND(B4>=DATE(2025,3,1), B4<=DATE(2025,3,31)), U4/DDashboard!$C$4, AND(B4>=DATE(2025,4,1), B4<=DATE(2025,4,30)), U4/DDashboard!$C$5,AND(B4>=DATE(2025,5,1), B4<=DATE(2025,5,31)), U4/DDashboard!$C$6,AND(B4>=DATE(2025,6,1), B4<=DATE(2025,6,30)), U4/DDashboard!$C$7,AND(B4>=DATE(2025,7,1), B4<=DATE(2025,7,31)), U4/DDashboard!$C$8,AND(B4>=DATE(2025,8,1), B4<=DATE(2025,8,31)), U4/DDashboard!$C$9,AND(B4>=DATE(2025,9,1), B4<=DATE(2025,9,30)), U4/DDashboard!$C$10,AND(B4>=DATE(2025,10,1), B4<=DATE(2025,10,31)), U4/DDashboard!$C$11,AND(B4>=DATE(2025,11,1), B4<=DATE(2025,11,30)), U4/DDashboard!$C$12, AND(B4>=DATE(2025,12,1), B4<=DATE(2025,12,31)), U4/DDashboard!$C$13, True, "") -> 0.108255 | W4: =IFS(ISBLANK(H4),"",AND(ISNUMBER(H4),J4="B"),(F4-H4)/F4,AND(ISNUMBER(H4), J4="S"),-(F4-H4)/F4) -> 0.023139809 | X4: 7519 | Y4: 15 | Z4: 45846 | AG4: =IF(N4+P4+S4-AH4<>0,N4+P4+S4-AH4,"") | AH4: =if(Y4+AB4+AE4<>0, Y4+AB4+AE4, "") -> 15 | AI4: =IF(ISBLANK(E4), IF(ISBLANK(X4), K4, IFERROR(IF(ISBLANK(C4),X4*Y4+AA4*AB4+AD4*AE4+AG4*K4,X4*Y4+AA4*AB4+AD4*AE4+AG4*G4)/(Y4+AB4+AE4+AG4) , "")),(X4*Y4+AA4*AB4+AD4*AE4+AG4*G4)/(Y4+AB4+AE4+AG4)) -> 7519 | AJ4: =IFERROR(IF(J4="B",(AI4-G4)/G4,(G4-AI4)/G4), "") -> 0.041845642 | AK4: =IFERROR(IFS(AND(J4="B",ISBLANK(I4)),(G4-H4)*AG4,AND(J4="B",ISNUMBER(I4)),(G4-I4)*AG4,AND(J4="S",ISBLANK(I4)),(H4-G4)*AG4,AND(J4="S",ISNUMBER(I4)),(I4-G4)*AG4),"") -> 0 | AL4: =IFERROR(AJ4/W4, "") -> 1.8083832 | AM4: =IF(AN4="", "", IF(AN4="Closed", IF(ISNUMBER(AF4), AF4-B4, IF(ISNUMBER(AC4), AC4-B4, IF(ISNUMBER(Z4), Z4-B4, "") ) ), TODAY()-B4)) -> 5 | AN4: =IF(ISBLANK(N4), "", IF((N4+P4+S4-AH4)/N4=0, "Closed", (N4+P4+S4-AH4)/(N4+P4+S4))) -> Closed | AO4: =IFS(AND(ISBLANK(AF4),ISBLANK(AC4),AN4="Closed"),Z4, AND(ISBLANK(AF4),AN4="Closed", AC4<>""),AC4,AND(AN4="Closed", AF4<>""),AF4, AN4<>"Closed", "") -> 45846 | AP4: =IF(ISBLANK(N4), "", X4*Y4+AA4*AB4+AD4*AE4) -> 112785 | AQ4: =IFS(AND(ISBLANK(D4),N4<>"",AN4="Closed",J4="B"),(AH4*AI4)-U4,AND(ISBLANK(D4),N4<>"",AN4<>"Closed",J4="B"),(X4*Y4+AA4*AB4+AD4*AE4+K4*AG4)-U4, AND(ISBLANK(D4),N4<>"",AN4="Closed",J4="S"),U4-(AH4*AI4),AND(ISBLANK(D4),N4<>"",AN4<>"Closed",J4="S"),U4-(X4*Y4+AA4*AB4+AD4*AE4+K4*AG4),AND(D4<>"",N4<>"",AH4<>"",AN4="Closed",J4="B"),(AH4*AI4)-(G4*(AG4+AH4)),AND(D4<>"",N4<>"",AH4<>"",AN4="Closed",J4="S"),(G4*(AG4+AH4))-(AH4*AI4),AND(D4<>"",N4<>"",AN4<>"Closed"),"",ISBLANK(B4),"") -> 4530 | AR4: =IFS(AND(B4>=DATE(2025,1,1), B4<=DATE(2025,1,31)), AQ4/DDashboard!$C$2, AND(B4>=DATE(2025,2,1), B4<=DATE(2025,2,28)), AQ4/DDashboard!$C$3, AND(B4>=DATE(2025,3,1), B4<=DATE(2025,3,31)), AQ4/DDashboard!$C$4, AND(B4>=DATE(2025,4,1), B4<=DATE(2025,4,30)), AQ4/DDashboard!$C$5,AND(B4>=DATE(2025,5,1), B4<=DATE(2025,5,31)), AQ4/DDashboard!$C$6,AND(B4>=DATE(2025,6,1), B4<=DATE(2025,6,30)), AQ4/DDashboard!$C$7,AND(B4>=DATE(2025,7,1), B4<=DATE(2025,7,31)), AQ4/DDashboard!$C$8,AND(B4>=DATE(2025,8,1), B4<=DATE(2025,8,31)), AQ4/DDashboard!$C$9,AND(B4>=DATE(2025,9,1), B4<=DATE(2025,9,30)), AQ4/DDashboard!$C$10,AND(B4>=DATE(2025,10,1), B4<=DATE(2025,10,31)), AQ4/DDashboard!$C$11,AND(B4>=DATE(2025,11,1), B4<=DATE(2025,11,30)), AQ4/DDashboard!$C$12, AND(B4>=DATE(2025,12,1), B4<=DATE(2025,12,31)), AQ4/DDashboard!$C$13, True, "") -> 0.00453 | AS4: {=IF(ISBLANK(C4), "", SUM($AR4:AR$8) )} -> 0.00278 | AT4: TRUE | AU4: Emotional | AV4: Good Entry | AW4: Poor Exit
A5: 4 | B5: 45841 | C5: 63MOONS | F5: 1020 | G5: =IF(ISBLANK(O5), F5, (N5*F5+O5*P5+R5*S5)/(N5+P5+S5)) -> 1020 | H5: 1000 | J5: B | K5: =IFERROR(__xludf.DUMMYFUNCTION("IF(ISBLANK(C5), """", GOOGLEFINANCE(""NSE:"" & C5,""price""))"),727.0) -> 727 | L5: Flag | M5: 2 W | N5: 50 | U5: =if(G5*N5<>0, F5*N5+O5*P5+R5*S5, "") -> 51000 | V5: =IFS(AND(B5>=DATE(2025,1,1), B5<=DATE(2025,1,31)), U5/DDashboard!$C$2, AND(B5>=DATE(2025,2,1), B5<=DATE(2025,2,28)), U5/DDashboard!$C$3, AND(B5>=DATE(2025,3,1), B5<=DATE(2025,3,31)), U5/DDashboard!$C$4, AND(B5>=DATE(2025,4,1), B5<=DATE(2025,4,30)), U5/DDashboard!$C$5,AND(B5>=DATE(2025,5,1), B5<=DATE(2025,5,31)), U5/DDashboard!$C$6,AND(B5>=DATE(2025,6,1), B5<=DATE(2025,6,30)), U5/DDashboard!$C$7,AND(B5>=DATE(2025,7,1), B5<=DATE(2025,7,31)), U5/DDashboard!$C$8,AND(B5>=DATE(2025,8,1), B5<=DATE(2025,8,31)), U5/DDashboard!$C$9,AND(B5>=DATE(2025,9,1), B5<=DATE(2025,9,30)), U5/DDashboard!$C$10,AND(B5>=DATE(2025,10,1), B5<=DATE(2025,10,31)), U5/DDashboard!$C$11,AND(B5>=DATE(2025,11,1), B5<=DATE(2025,11,30)), U5/DDashboard!$C$12, AND(B5>=DATE(2025,12,1), B5<=DATE(2025,12,31)), U5/DDashboard!$C$13, True, "") -> 0.051 | W5: =IFS(ISBLANK(H5),"",AND(ISNUMBER(H5),J5="B"),(F5-H5)/F5,AND(ISNUMBER(H5), J5="S"),-(F5-H5)/F5) -> 0.019607843 | X5: 1023 | Y5: 50 | Z5: 45841 | AG5: =IF(N5+P5+S5-AH5<>0,N5+P5+S5-AH5,"") | AH5: =if(Y5+AB5+AE5<>0, Y5+AB5+AE5, "") -> 50 | AI5: =IF(ISBLANK(E5), IF(ISBLANK(X5), K5, IFERROR(IF(ISBLANK(C5),X5*Y5+AA5*AB5+AD5*AE5+AG5*K5,X5*Y5+AA5*AB5+AD5*AE5+AG5*G5)/(Y5+AB5+AE5+AG5) , "")),(X5*Y5+AA5*AB5+AD5*AE5+AG5*G5)/(Y5+AB5+AE5+AG5)) -> 1023 | AJ5: =IFERROR(IF(J5="B",(AI5-G5)/G5,(G5-AI5)/G5), "") -> 0.0029411765 | AK5: =IFERROR(IFS(AND(J5="B",ISBLANK(I5)),(G5-H5)*AG5,AND(J5="B",ISNUMBER(I5)),(G5-I5)*AG5,AND(J5="S",ISBLANK(I5)),(H5-G5)*AG5,AND(J5="S",ISNUMBER(I5)),(I5-G5)*AG5),"") -> 0 | AL5: =IFERROR(AJ5/W5, "") -> 0.15 | AM5: =IF(AN5="", "", IF(AN5="Closed", IF(ISNUMBER(AF5), AF5-B5,IF(ISNUMBER(AC5), AC5-B5,IF(ISNUMBER(Z5), Z5-B5, ""))), TODAY()-B5)) -> 0 | AN5: =IF(ISBLANK(N5), "", IF((N5+P5+S5-AH5)/N5=0, "Closed", (N5+P5+S5-AH5)/(N5+P5+S5))) -> Closed | AO5: =IFS(AND(ISBLANK(AF5),ISBLANK(AC5),AN5="Closed"),Z5, AND(ISBLANK(AF5),AN5="Closed", AC5<>""),AC5,AND(AN5="Closed", AF5<>""),AF5, AN5<>"Closed", "") -> 45841 | AP5: =IF(ISBLANK(N5), "", X5*Y5+AA5*AB5+AD5*AE5) -> 51150 | AQ5: =IFS(AND(ISBLANK(D5),N5<>"",AN5="Closed",J5="B"),(AH5*AI5)-U5,AND(ISBLANK(D5),N5<>"",AN5<>"Closed",J5="B"),(X5*Y5+AA5*AB5+AD5*AE5+K5*AG5)-U5, AND(ISBLANK(D5),N5<>"",AN5="Closed",J5="S"),U5-(AH5*AI5),AND(ISBLANK(D5),N5<>"",AN5<>"Closed",J5="S"),U5-(X5*Y5+AA5*AB5+AD5*AE5+K5*AG5),AND(D5<>"",N5<>"",AH5<>"",AN5="Closed",J5="B"),(AH5*AI5)-(G5*(AG5+AH5)),AND(D5<>"",N5<>"",AH5<>"",AN5="Closed",J5="S"),(G5*(AG5+AH5))-(AH5*AI5),AND(D5<>"",N5<>"",AN5<>"Closed"),"",ISBLANK(B5),"") -> 150 | AR5: =IFS(AND(B5>=DATE(2025,1,1), B5<=DATE(2025,1,31)), AQ5/DDashboard!$C$2, AND(B5>=DATE(2025,2,1), B5<=DATE(2025,2,28)), AQ5/DDashboard!$C$3, AND(B5>=DATE(2025,3,1), B5<=DATE(2025,3,31)), AQ5/DDashboard!$C$4, AND(B5>=DATE(2025,4,1), B5<=DATE(2025,4,30)), AQ5/DDashboard!$C$5,AND(B5>=DATE(2025,5,1), B5<=DATE(2025,5,31)), AQ5/DDashboard!$C$6,AND(B5>=DATE(2025,6,1), B5<=DATE(2025,6,30)), AQ5/DDashboard!$C$7,AND(B5>=DATE(2025,7,1), B5<=DATE(2025,7,31)), AQ5/DDashboard!$C$8,AND(B5>=DATE(2025,8,1), B5<=DATE(2025,8,31)), AQ5/DDashboard!$C$9,AND(B5>=DATE(2025,9,1), B5<=DATE(2025,9,30)), AQ5/DDashboard!$C$10,AND(B5>=DATE(2025,10,1), B5<=DATE(2025,10,31)), AQ5/DDashboard!$C$11,AND(B5>=DATE(2025,11,1), B5<=DATE(2025,11,30)), AQ5/DDashboard!$C$12, AND(B5>=DATE(2025,12,1), B5<=DATE(2025,12,31)), AQ5/DDashboard!$C$13, True, "") -> 0.00015 | AS5: {=IF(ISBLANK(C5), "", SUM($AR5:AR$8) )} -> -0.00175 | AT5: TRUE | AU5: Emotional | AV5: Protected Breakeven | AW5: Shifted SL Quickly
A6: 5 | B6: 45841 | C6: TRANSRAILL | F6: 676 | G6: =IF(ISBLANK(O6), F6, (N6*F6+O6*P6+R6*S6)/(N6+P6+S6)) -> 676 | H6: 668 | J6: B | K6: =IFERROR(__xludf.DUMMYFUNCTION("IF(ISBLANK(C6), """", GOOGLEFINANCE(""NSE:"" & C6,""price""))"),594.0) -> 594 | L6: IPO base | M6: 5-6 M | N6: 400 | U6: =if(G6*N6<>0, F6*N6+O6*P6+R6*S6, "") -> 270400 | V6: =IFS(AND(B6>=DATE(2025,1,1), B6<=DATE(2025,1,31)), U6/DDashboard!$C$2, AND(B6>=DATE(2025,2,1), B6<=DATE(2025,2,28)), U6/DDashboard!$C$3, AND(B6>=DATE(2025,3,1), B6<=DATE(2025,3,31)), U6/DDashboard!$C$4, AND(B6>=DATE(2025,4,1), B6<=DATE(2025,4,30)), U6/DDashboard!$C$5,AND(B6>=DATE(2025,5,1), B6<=DATE(2025,5,31)), U6/DDashboard!$C$6,AND(B6>=DATE(2025,6,1), B6<=DATE(2025,6,30)), U6/DDashboard!$C$7,AND(B6>=DATE(2025,7,1), B6<=DATE(2025,7,31)), U6/DDashboard!$C$8,AND(B6>=DATE(2025,8,1), B6<=DATE(2025,8,31)), U6/DDashboard!$C$9,AND(B6>=DATE(2025,9,1), B6<=DATE(2025,9,30)), U6/DDashboard!$C$10,AND(B6>=DATE(2025,10,1), B6<=DATE(2025,10,31)), U6/DDashboard!$C$11,AND(B6>=DATE(2025,11,1), B6<=DATE(2025,11,30)), U6/DDashboard!$C$12, AND(B6>=DATE(2025,12,1), B6<=DATE(2025,12,31)), U6/DDashboard!$C$13, True, "") -> 0.2704 | W6: =IFS(ISBLANK(H6),"",AND(ISNUMBER(H6),J6="B"),(F6-H6)/F6,AND(ISNUMBER(H6), J6="S"),-(F6-H6)/F6) -> 0.01183432 | X6: 668.5 | Y6: 400 | Z6: 45841 | AG6: =IF(N6+P6+S6-AH6<>0,N6+P6+S6-AH6,"") | AH6: =if(Y6+AB6+AE6<>0, Y6+AB6+AE6, "") -> 400 | AI6: =IF(ISBLANK(E6), IF(ISBLANK(X6), K6, IFERROR(IF(ISBLANK(C6),X6*Y6+AA6*AB6+AD6*AE6+AG6*K6,X6*Y6+AA6*AB6+AD6*AE6+AG6*G6)/(Y6+AB6+AE6+AG6) , "")),(X6*Y6+AA6*AB6+AD6*AE6+AG6*G6)/(Y6+AB6+AE6+AG6)) -> 668.5 | AJ6: =IFERROR(IF(J6="B",(AI6-G6)/G6,(G6-AI6)/G6), "") -> -0.011094675 | AK6: =IFERROR(IFS(AND(J6="B",ISBLANK(I6)),(G6-H6)*AG6,AND(J6="B",ISNUMBER(I6)),(G6-I6)*AG6,AND(J6="S",ISBLANK(I6)),(H6-G6)*AG6,AND(J6="S",ISNUMBER(I6)),(I6-G6)*AG6),"") -> 0 | AL6: =IFERROR(AJ6/W6, "") -> -0.9375 | AM6: =IF(AN6="", "", IF(AN6="Closed", IF(ISNUMBER(AF6), AF6-B6, IF(ISNUMBER(AC6), AC6-B6, IF(ISNUMBER(Z6), Z6-B6, "") ) ), TODAY()-B6)) -> 0 | AN6: =IF(ISBLANK(N6), "", IF((N6+P6+S6-AH6)/N6=0, "Closed", (N6+P6+S6-AH6)/(N6+P6+S6))) -> Closed | AO6: =IFS(AND(ISBLANK(AF6),ISBLANK(AC6),AN6="Closed"),Z6, AND(ISBLANK(AF6),AN6="Closed", AC6<>""),AC6,AND(AN6="Closed", AF6<>""),AF6, AN6<>"Closed", "") -> 45841 | AP6: =IF(ISBLANK(N6), "", X6*Y6+AA6*AB6+AD6*AE6) -> 267400 | AQ6: =IFS(AND(ISBLANK(D6),N6<>"",AN6="Closed",J6="B"),(AH6*AI6)-U6,AND(ISBLANK(D6),N6<>"",AN6<>"Closed",J6="B"),(X6*Y6+AA6*AB6+AD6*AE6+K6*AG6)-U6, AND(ISBLANK(D6),N6<>"",AN6="Closed",J6="S"),U6-(AH6*AI6),AND(ISBLANK(D6),N6<>"",AN6<>"Closed",J6="S"),U6-(X6*Y6+AA6*AB6+AD6*AE6+K6*AG6),AND(D6<>"",N6<>"",AH6<>"",AN6="Closed",J6="B"),(AH6*AI6)-(G6*(AG6+AH6)),AND(D6<>"",N6<>"",AH6<>"",AN6="Closed",J6="S"),(G6*(AG6+AH6))-(AH6*AI6),AND(D6<>"",N6<>"",AN6<>"Closed"),"",ISBLANK(B6),"") -> -3000 | AR6: =IFS(AND(B6>=DATE(2025,1,1), B6<=DATE(2025,1,31)), AQ6/DDashboard!$C$2, AND(B6>=DATE(2025,2,1), B6<=DATE(2025,2,28)), AQ6/DDashboard!$C$3, AND(B6>=DATE(2025,3,1), B6<=DATE(2025,3,31)), AQ6/DDashboard!$C$4, AND(B6>=DATE(2025,4,1), B6<=DATE(2025,4,30)), AQ6/DDashboard!$C$5,AND(B6>=DATE(2025,5,1), B6<=DATE(2025,5,31)), AQ6/DDashboard!$C$6,AND(B6>=DATE(2025,6,1), B6<=DATE(2025,6,30)), AQ6/DDashboard!$C$7,AND(B6>=DATE(2025,7,1), B6<=DATE(2025,7,31)), AQ6/DDashboard!$C$8,AND(B6>=DATE(2025,8,1), B6<=DATE(2025,8,31)), AQ6/DDashboard!$C$9,AND(B6>=DATE(2025,9,1), B6<=DATE(2025,9,30)), AQ6/DDashboard!$C$10,AND(B6>=DATE(2025,10,1), B6<=DATE(2025,10,31)), AQ6/DDashboard!$C$11,AND(B6>=DATE(2025,11,1), B6<=DATE(2025,11,30)), AQ6/DDashboard!$C$12, AND(B6>=DATE(2025,12,1), B6<=DATE(2025,12,31)), AQ6/DDashboard!$C$13, True, "") -> -0.003 | AS6: {=IF(ISBLANK(C6), "", SUM($AR6:AR$8) )} -> -0.0019 | AT6: TRUE | AU6: Market Pressure | AW6: Illogical SL | AX6: This was big size trade which closed at New ATH on same day
A7: 6 | B7: 45853 | C7: DIGITIDE | F7: 234.5 | G7: =IF(ISBLANK(O7), F7, (N7*F7+O7*P7+R7*S7)/(N7+P7+S7)) -> 234.5 | H7: 231 | J7: B | K7: =IFERROR(__xludf.DUMMYFUNCTION("IF(ISBLANK(C7), """", GOOGLEFINANCE(""NSE:"" & C7,""price""))"),91.49) -> 91.49 | L7: IPO base | M7: 1 M | N7: 200 | U7: =if(G7*N7<>0, F7*N7+O7*P7+R7*S7, "") -> 46900 | V7: =IFS(AND(B7>=DATE(2025,1,1), B7<=DATE(2025,1,31)), U7/DDashboard!$C$2, AND(B7>=DATE(2025,2,1), B7<=DATE(2025,2,28)), U7/DDashboard!$C$3, AND(B7>=DATE(2025,3,1), B7<=DATE(2025,3,31)), U7/DDashboard!$C$4, AND(B7>=DATE(2025,4,1), B7<=DATE(2025,4,30)), U7/DDashboard!$C$5,AND(B7>=DATE(2025,5,1), B7<=DATE(2025,5,31)), U7/DDashboard!$C$6,AND(B7>=DATE(2025,6,1), B7<=DATE(2025,6,30)), U7/DDashboard!$C$7,AND(B7>=DATE(2025,7,1), B7<=DATE(2025,7,31)), U7/DDashboard!$C$8,AND(B7>=DATE(2025,8,1), B7<=DATE(2025,8,31)), U7/DDashboard!$C$9,AND(B7>=DATE(2025,9,1), B7<=DATE(2025,9,30)), U7/DDashboard!$C$10,AND(B7>=DATE(2025,10,1), B7<=DATE(2025,10,31)), U7/DDashboard!$C$11,AND(B7>=DATE(2025,11,1), B7<=DATE(2025,11,30)), U7/DDashboard!$C$12, AND(B7>=DATE(2025,12,1), B7<=DATE(2025,12,31)), U7/DDashboard!$C$13, True, "") -> 0.0469 | W7: =IFS(ISBLANK(H7),"",AND(ISNUMBER(H7),J7="B"),(F7-H7)/F7,AND(ISNUMBER(H7), J7="S"),-(F7-H7)/F7) -> 0.014925373 | X7: 231 | Y7: 200 | Z7: 45853 | AG7: =IF(N7+P7+S7-AH7<>0,N7+P7+S7-AH7,"") | AH7: =if(Y7+AB7+AE7<>0, Y7+AB7+AE7, "") -> 200 | AI7: =IF(ISBLANK(E7), IF(ISBLANK(X7), K7, IFERROR(IF(ISBLANK(C7),X7*Y7+AA7*AB7+AD7*AE7+AG7*K7,X7*Y7+AA7*AB7+AD7*AE7+AG7*G7)/(Y7+AB7+AE7+AG7) , "")),(X7*Y7+AA7*AB7+AD7*AE7+AG7*G7)/(Y7+AB7+AE7+AG7)) -> 231 | AJ7: =IFERROR(IF(J7="B",(AI7-G7)/G7,(G7-AI7)/G7), "") -> -0.014925373 | AK7: =IFERROR(IFS(AND(J7="B",ISBLANK(I7)),(G7-H7)*AG7,AND(J7="B",ISNUMBER(I7)),(G7-I7)*AG7,AND(J7="S",ISBLANK(I7)),(H7-G7)*AG7,AND(J7="S",ISNUMBER(I7)),(I7-G7)*AG7),"") -> 0 | AL7: =IFERROR(AJ7/W7, "") -> -1 | AM7: =IF(AN7="", "", IF(AN7="Closed", IF(ISNUMBER(AF7), AF7-B7,IF(ISNUMBER(AC7), AC7-B7,IF(ISNUMBER(Z7), Z7-B7, ""))), TODAY()-B7)) -> 0 | AN7: =IF(ISBLANK(N7), "", IF((N7+P7+S7-AH7)/N7=0, "Closed", (N7+P7+S7-AH7)/(N7+P7+S7))) -> Closed | AO7: =IFS(AND(ISBLANK(AF7),ISBLANK(AC7),AN7="Closed"),Z7, AND(ISBLANK(AF7),AN7="Closed", AC7<>""),AC7,AND(AN7="Closed", AF7<>""),AF7, AN7<>"Closed", "") -> 45853 | AP7: =IF(ISBLANK(N7), "", X7*Y7+AA7*AB7+AD7*AE7) -> 46200 | AQ7: =IFS(AND(ISBLANK(D7),N7<>"",AN7="Closed",J7="B"),(AH7*AI7)-U7,AND(ISBLANK(D7),N7<>"",AN7<>"Closed",J7="B"),(X7*Y7+AA7*AB7+AD7*AE7+K7*AG7)-U7, AND(ISBLANK(D7),N7<>"",AN7="Closed",J7="S"),U7-(AH7*AI7),AND(ISBLANK(D7),N7<>"",AN7<>"Closed",J7="S"),U7-(X7*Y7+AA7*AB7+AD7*AE7+K7*AG7),AND(D7<>"",N7<>"",AH7<>"",AN7="Closed",J7="B"),(AH7*AI7)-(G7*(AG7+AH7)),AND(D7<>"",N7<>"",AH7<>"",AN7="Closed",J7="S"),(G7*(AG7+AH7))-(AH7*AI7),AND(D7<>"",N7<>"",AN7<>"Closed"),"",ISBLANK(B7),"") -> -700 | AR7: =IFS(AND(B7>=DATE(2025,1,1), B7<=DATE(2025,1,31)), AQ7/DDashboard!$C$2, AND(B7>=DATE(2025,2,1), B7<=DATE(2025,2,28)), AQ7/DDashboard!$C$3, AND(B7>=DATE(2025,3,1), B7<=DATE(2025,3,31)), AQ7/DDashboard!$C$4, AND(B7>=DATE(2025,4,1), B7<=DATE(2025,4,30)), AQ7/DDashboard!$C$5,AND(B7>=DATE(2025,5,1), B7<=DATE(2025,5,31)), AQ7/DDashboard!$C$6,AND(B7>=DATE(2025,6,1), B7<=DATE(2025,6,30)), AQ7/DDashboard!$C$7,AND(B7>=DATE(2025,7,1), B7<=DATE(2025,7,31)), AQ7/DDashboard!$C$8,AND(B7>=DATE(2025,8,1), B7<=DATE(2025,8,31)), AQ7/DDashboard!$C$9,AND(B7>=DATE(2025,9,1), B7<=DATE(2025,9,30)), AQ7/DDashboard!$C$10,AND(B7>=DATE(2025,10,1), B7<=DATE(2025,10,31)), AQ7/DDashboard!$C$11,AND(B7>=DATE(2025,11,1), B7<=DATE(2025,11,30)), AQ7/DDashboard!$C$12, AND(B7>=DATE(2025,12,1), B7<=DATE(2025,12,31)), AQ7/DDashboard!$C$13, True, "") -> -0.0007 | AS7: {=IF(ISBLANK(C7), "", SUM($AR7:AR$8) )} -> 0.0011 | AT7: TRUE | AU7: SL | AV7: Small SL | AW7: Too Tight SL
A8: 7 | B8: 45852 | C8: WAAREEENER | F8: 3190 | G8: =IF(ISBLANK(O8), F8, (N8*F8+O8*P8+R8*S8)/(N8+P8+S8)) -> 3190 | H8: 3170 | J8: B | K8: =IFERROR(__xludf.DUMMYFUNCTION("IF(ISBLANK(C8), """", GOOGLEFINANCE(""NSE:"" & C8,""price""))"),3472.0) -> 3472 | L8: IPO base | M8: 3-4 M | N8: 20 | U8: =if(G8*N8<>0, F8*N8+O8*P8+R8*S8, "") -> 63800 | V8: =IFS(AND(B8>=DATE(2025,1,1), B8<=DATE(2025,1,31)), U8/DDashboard!$C$2, AND(B8>=DATE(2025,2,1), B8<=DATE(2025,2,28)), U8/DDashboard!$C$3, AND(B8>=DATE(2025,3,1), B8<=DATE(2025,3,31)), U8/DDashboard!$C$4, AND(B8>=DATE(2025,4,1), B8<=DATE(2025,4,30)), U8/DDashboard!$C$5,AND(B8>=DATE(2025,5,1), B8<=DATE(2025,5,31)), U8/DDashboard!$C$6,AND(B8>=DATE(2025,6,1), B8<=DATE(2025,6,30)), U8/DDashboard!$C$7,AND(B8>=DATE(2025,7,1), B8<=DATE(2025,7,31)), U8/DDashboard!$C$8,AND(B8>=DATE(2025,8,1), B8<=DATE(2025,8,31)), U8/DDashboard!$C$9,AND(B8>=DATE(2025,9,1), B8<=DATE(2025,9,30)), U8/DDashboard!$C$10,AND(B8>=DATE(2025,10,1), B8<=DATE(2025,10,31)), U8/DDashboard!$C$11,AND(B8>=DATE(2025,11,1), B8<=DATE(2025,11,30)), U8/DDashboard!$C$12, AND(B8>=DATE(2025,12,1), B8<=DATE(2025,12,31)), U8/DDashboard!$C$13, True, "") -> 0.0638 | W8: =IFS(ISBLANK(H8),"",AND(ISNUMBER(H8),J8="B"),(F8-H8)/F8,AND(ISNUMBER(H8), J8="S"),-(F8-H8)/F8) -> 0.0062695925 | X8: 3280 | Y8: 20 | Z8: 45854 | AG8: =IF(N8+P8+S8-AH8<>0,N8+P8+S8-AH8,"") | AH8: =if(Y8+AB8+AE8<>0, Y8+AB8+AE8, "") -> 20 | AI8: =IF(ISBLANK(E8), IF(ISBLANK(X8), K8, IFERROR(IF(ISBLANK(C8),X8*Y8+AA8*AB8+AD8*AE8+AG8*K8,X8*Y8+AA8*AB8+AD8*AE8+AG8*G8)/(Y8+AB8+AE8+AG8) , "")),(X8*Y8+AA8*AB8+AD8*AE8+AG8*G8)/(Y8+AB8+AE8+AG8)) -> 3280 | AJ8: =IFERROR(IF(J8="B",(AI8-G8)/G8,(G8-AI8)/G8), "") -> 0.028213166 | AK8: =IFERROR(IFS(AND(J8="B",ISBLANK(I8)),(G8-H8)*AG8,AND(J8="B",ISNUMBER(I8)),(G8-I8)*AG8,AND(J8="S",ISBLANK(I8)),(H8-G8)*AG8,AND(J8="S",ISNUMBER(I8)),(I8-G8)*AG8),"") -> 0 | AL8: =IFERROR(AJ8/W8, "") -> 4.5 | AM8: =IF(AN8="", "", IF(AN8="Closed", IF(ISNUMBER(AF8), AF8-B8, IF(ISNUMBER(AC8), AC8-B8, IF(ISNUMBER(Z8), Z8-B8, "") ) ), TODAY()-B8)) -> 2 | AN8: =IF(ISBLANK(N8), "", IF((N8+P8+S8-AH8)/N8=0, "Closed", (N8+P8+S8-AH8)/(N8+P8+S8))) -> Closed | AO8: =IFS(AND(ISBLANK(AF8),ISBLANK(AC8),AN8="Closed"),Z8, AND(ISBLANK(AF8),AN8="Closed", AC8<>""),AC8,AND(AN8="Closed", AF8<>""),AF8, AN8<>"Closed", "") -> 45854 | AP8: =IF(ISBLANK(N8), "", X8*Y8+AA8*AB8+AD8*AE8) -> 65600 | AQ8: =IFS(AND(ISBLANK(D8),N8<>"",AN8="Closed",J8="B"),(AH8*AI8)-U8,AND(ISBLANK(D8),N8<>"",AN8<>"Closed",J8="B"),(X8*Y8+AA8*AB8+AD8*AE8+K8*AG8)-U8, AND(ISBLANK(D8),N8<>"",AN8="Closed",J8="S"),U8-(AH8*AI8),AND(ISBLANK(D8),N8<>"",AN8<>"Closed",J8="S"),U8-(X8*Y8+AA8*AB8+AD8*AE8+K8*AG8),AND(D8<>"",N8<>"",AH8<>"",AN8="Closed",J8="B"),(AH8*AI8)-(G8*(AG8+AH8)),AND(D8<>"",N8<>"",AH8<>"",AN8="Closed",J8="S"),(G8*(AG8+AH8))-(AH8*AI8),AND(D8<>"",N8<>"",AN8<>"Closed"),"",ISBLANK(B8),"") -> 1800 | AR8: =IFS(AND(B8>=DATE(2025,1,1), B8<=DATE(2025,1,31)), AQ8/DDashboard!$C$2, AND(B8>=DATE(2025,2,1), B8<=DATE(2025,2,28)), AQ8/DDashboard!$C$3, AND(B8>=DATE(2025,3,1), B8<=DATE(2025,3,31)), AQ8/DDashboard!$C$4, AND(B8>=DATE(2025,4,1), B8<=DATE(2025,4,30)), AQ8/DDashboard!$C$5,AND(B8>=DATE(2025,5,1), B8<=DATE(2025,5,31)), AQ8/DDashboard!$C$6,AND(B8>=DATE(2025,6,1), B8<=DATE(2025,6,30)), AQ8/DDashboard!$C$7,AND(B8>=DATE(2025,7,1), B8<=DATE(2025,7,31)), AQ8/DDashboard!$C$8,AND(B8>=DATE(2025,8,1), B8<=DATE(2025,8,31)), AQ8/DDashboard!$C$9,AND(B8>=DATE(2025,9,1), B8<=DATE(2025,9,30)), AQ8/DDashboard!$C$10,AND(B8>=DATE(2025,10,1), B8<=DATE(2025,10,31)), AQ8/DDashboard!$C$11,AND(B8>=DATE(2025,11,1), B8<=DATE(2025,11,30)), AQ8/DDashboard!$C$12, AND(B8>=DATE(2025,12,1), B8<=DATE(2025,12,31)), AQ8/DDashboard!$C$13, True, "") -> 0.0018 | AS8: {=IF(ISBLANK(C8), "", SUM($AR8:AR$8) )} -> 0.0018 | AT8: FALSE | AU8: Emotional | AW8: Lack of Patience
A9: 8 | B9: 45852 | C9: 544441 | D9: METAINFO | F9: 242 | G9: =IF(ISBLANK(O9), F9, (N9*F9+O9*P9+R9*S9)/(N9+P9+S9)) -> 242 | H9: 193.6 | J9: B | K9: =IFERROR(__xludf.DUMMYFUNCTION("IF(ISBLANK(C9), """", GOOGLEFINANCE(""BOM:"" & C9,""price""))"),88.17) -> 88.17 | L9: Shakeout | N9: 800 | U9: =if(G9*N9<>0, F9*N9+O9*P9+R9*S9, "") -> 193600 | V9: =IFS(AND(B9>=DATE(2025,1,1), B9<=DATE(2025,1,31)), U9/DDashboard!$C$2, AND(B9>=DATE(2025,2,1), B9<=DATE(2025,2,28)), U9/DDashboard!$C$3, AND(B9>=DATE(2025,3,1), B9<=DATE(2025,3,31)), U9/DDashboard!$C$4, AND(B9>=DATE(2025,4,1), B9<=DATE(2025,4,30)), U9/DDashboard!$C$5,AND(B9>=DATE(2025,5,1), B9<=DATE(2025,5,31)), U9/DDashboard!$C$6,AND(B9>=DATE(2025,6,1), B9<=DATE(2025,6,30)), U9/DDashboard!$C$7,AND(B9>=DATE(2025,7,1), B9<=DATE(2025,7,31)), U9/DDashboard!$C$8,AND(B9>=DATE(2025,8,1), B9<=DATE(2025,8,31)), U9/DDashboard!$C$9,AND(B9>=DATE(2025,9,1), B9<=DATE(2025,9,30)), U9/DDashboard!$C$10,AND(B9>=DATE(2025,10,1), B9<=DATE(2025,10,31)), U9/DDashboard!$C$11,AND(B9>=DATE(2025,11,1), B9<=DATE(2025,11,30)), U9/DDashboard!$C$12, AND(B9>=DATE(2025,12,1), B9<=DATE(2025,12,31)), U9/DDashboard!$C$13, True, "") -> 0.1936 | W9: =IFS(ISBLANK(H9),"",AND(ISNUMBER(H9),J9="B"),(F9-H9)/F9,AND(ISNUMBER(H9), J9="S"),-(F9-H9)/F9) -> 0.2 | X9: 59 | Y9: 800 | Z9: 46111 | AG9: =IF(N9+P9+S9-AH9<>0,N9+P9+S9-AH9,"") | AH9: =if(Y9+AB9+AE9<>0, Y9+AB9+AE9, "") -> 800 | AI9: =IF(ISBLANK(E9), IF(ISBLANK(X9), K9, IFERROR(IF(ISBLANK(C9),X9*Y9+AA9*AB9+AD9*AE9+AG9*K9,X9*Y9+AA9*AB9+AD9*AE9+AG9*G9)/(Y9+AB9+AE9+AG9) , "")),(X9*Y9+AA9*AB9+AD9*AE9+AG9*G9)/(Y9+AB9+AE9+AG9)) -> 59 | AJ9: =IFERROR(IF(J9="B",(AI9-G9)/G9,(G9-AI9)/G9), "") -> -0.75619835 | AK9: =IFERROR(IFS(AND(J9="B",ISBLANK(I9)),(G9-H9)*AG9,AND(J9="B",ISNUMBER(I9)),(G9-I9)*AG9,AND(J9="S",ISBLANK(I9)),(H9-G9)*AG9,AND(J9="S",ISNUMBER(I9)),(I9-G9)*AG9),"") -> 0 | AL9: =IFERROR(AJ9/W9, "") -> -3.7809917 | AM9: =IF(AN9="", "", IF(AN9="Closed", IF(ISNUMBER(AF9), AF9-B9,IF(ISNUMBER(AC9), AC9-B9,IF(ISNUMBER(Z9), Z9-B9, ""))), TODAY()-B9)) -> 259 | AN9: =IF(ISBLANK(N9), "", IF((N9+P9+S9-AH9)/N9=0, "Closed", (N9+P9+S9-AH9)/(N9+P9+S9))) -> Closed | AO9: =IFS(AND(ISBLANK(AF9),ISBLANK(AC9),AN9="Closed"),Z9, AND(ISBLANK(AF9),AN9="Closed", AC9<>""),AC9,AND(AN9="Closed", AF9<>""),AF9, AN9<>"Closed", "") -> 46111 | AP9: =IF(ISBLANK(N9), "", X9*Y9+AA9*AB9+AD9*AE9) -> 47200 | AQ9: =IFS(AND(ISBLANK(D9),N9<>"",AN9="Closed",J9="B"),(AH9*AI9)-U9,AND(ISBLANK(D9),N9<>"",AN9<>"Closed",J9="B"),(X9*Y9+AA9*AB9+AD9*AE9+K9*AG9)-U9, AND(ISBLANK(D9),N9<>"",AN9="Closed",J9="S"),U9-(AH9*AI9),AND(ISBLANK(D9),N9<>"",AN9<>"Closed",J9="S"),U9-(X9*Y9+AA9*AB9+AD9*AE9+K9*AG9),AND(D9<>"",N9<>"",AH9<>"",AN9="Closed",J9="B"),(AH9*AI9)-(G9*(AG9+AH9)),AND(D9<>"",N9<>"",AH9<>"",AN9="Closed",J9="S"),(G9*(AG9+AH9))-(AH9*AI9),AND(D9<>"",N9<>"",AN9<>"Closed"),"",ISBLANK(B9),"") -> -146400 | AR9: =IFS(AND(B9>=DATE(2025,1,1), B9<=DATE(2025,1,31)), AQ9/DDashboard!$C$2, AND(B9>=DATE(2025,2,1), B9<=DATE(2025,2,28)), AQ9/DDashboard!$C$3, AND(B9>=DATE(2025,3,1), B9<=DATE(2025,3,31)), AQ9/DDashboard!$C$4, AND(B9>=DATE(2025,4,1), B9<=DATE(2025,4,30)), AQ9/DDashboard!$C$5,AND(B9>=DATE(2025,5,1), B9<=DATE(2025,5,31)), AQ9/DDashboard!$C$6,AND(B9>=DATE(2025,6,1), B9<=DATE(2025,6,30)), AQ9/DDashboard!$C$7,AND(B9>=DATE(2025,7,1), B9<=DATE(2025,7,31)), AQ9/DDashboard!$C$8,AND(B9>=DATE(2025,8,1), B9<=DATE(2025,8,31)), AQ9/DDashboard!$C$9,AND(B9>=DATE(2025,9,1), B9<=DATE(2025,9,30)), AQ9/DDashboard!$C$10,AND(B9>=DATE(2025,10,1), B9<=DATE(2025,10,31)), AQ9/DDashboard!$C$11,AND(B9>=DATE(2025,11,1), B9<=DATE(2025,11,30)), AQ9/DDashboard!$C$12, AND(B9>=DATE(2025,12,1), B9<=DATE(2025,12,31)), AQ9/DDashboard!$C$13, True, "") -> -0.1464 | AS9: {=IF(ISBLANK(C9), "", SUM($AR$8:AR9) )} -> -0.1446 | AT9: FALSE | AU9: Emotional
A10: 9 | B10: 45852 | C10: WAAREEENER | F10: 3190 | G10: =IF(ISBLANK(O10), F10, (N10*F10+O10*P10+R10*S10)/(N10+P10+S10)) -> 3190 | H10: 3170 | J10: B | K10: =IFERROR(__xludf.DUMMYFUNCTION("IF(ISBLANK(C10), """", GOOGLEFINANCE(""NSE:"" & C10,""price""))"),3472.0) -> 3472 | L10: IPO base | M10: 3-4 M | N10: 20 | U10: =if(G10*N10<>0, F10*N10+O10*P10+R10*S10, "") -> 63800 | V10: =IFS(AND(B10>=DATE(2025,1,1), B10<=DATE(2025,1,31)), U10/DDashboard!$C$2, AND(B10>=DATE(2025,2,1), B10<=DATE(2025,2,28)), U10/DDashboard!$C$3, AND(B10>=DATE(2025,3,1), B10<=DATE(2025,3,31)), U10/DDashboard!$C$4, AND(B10>=DATE(2025,4,1), B10<=DATE(2025,4,30)), U10/DDashboard!$C$5,AND(B10>=DATE(2025,5,1), B10<=DATE(2025,5,31)), U10/DDashboard!$C$6,AND(B10>=DATE(2025,6,1), B10<=DATE(2025,6,30)), U10/DDashboard!$C$7,AND(B10>=DATE(2025,7,1), B10<=DATE(2025,7,31)), U10/DDashboard!$C$8,AND(B10>=DATE(2025,8,1), B10<=DATE(2025,8,31)), U10/DDashboard!$C$9,AND(B10>=DATE(2025,9,1), B10<=DATE(2025,9,30)), U10/DDashboard!$C$10,AND(B10>=DATE(2025,10,1), B10<=DATE(2025,10,31)), U10/DDashboard!$C$11,AND(B10>=DATE(2025,11,1), B10<=DATE(2025,11,30)), U10/DDashboard!$C$12, AND(B10>=DATE(2025,12,1), B10<=DATE(2025,12,31)), U10/DDashboard!$C$13, True, "") -> 0.0638 | W10: =IFS(ISBLANK(H10),"",AND(ISNUMBER(H10),J10="B"),(F10-H10)/F10,AND(ISNUMBER(H10), J10="S"),-(F10-H10)/F10) -> 0.0062695925 | X10: 3280 | Y10: 20 | Z10: 45854 | AG10: =IF(N10+P10+S10-AH10<>0,N10+P10+S10-AH10,"") | AH10: =if(Y10+AB10+AE10<>0, Y10+AB10+AE10, "") -> 20 | AI10: =IF(ISBLANK(E10), IF(ISBLANK(X10), K10, IFERROR(IF(ISBLANK(C10),X10*Y10+AA10*AB10+AD10*AE10+AG10*K10,X10*Y10+AA10*AB10+AD10*AE10+AG10*G10)/(Y10+AB10+AE10+AG10) , "")),(X10*Y10+AA10*AB10+AD10*AE10+AG10*G10)/(Y10+AB10+AE10+AG10)) -> 3280 | AJ10: =IFERROR(IF(J10="B",(AI10-G10)/G10,(G10-AI10)/G10), "") -> 0.028213166 | AK10: =IFERROR(IFS(AND(J10="B",ISBLANK(I10)),(G10-H10)*AG10,AND(J10="B",ISNUMBER(I10)),(G10-I10)*AG10,AND(J10="S",ISBLANK(I10)),(H10-G10)*AG10,AND(J10="S",ISNUMBER(I10)),(I10-G10)*AG10),"") -> 0 | AL10: =IFERROR(AJ10/W10, "") -> 4.5 | AM10: =IF(AN10="", "", IF(AN10="Closed", IF(ISNUMBER(AF10), AF10-B10, IF(ISNUMBER(AC10), AC10-B10, IF(ISNUMBER(Z10), Z10-B10, "") ) ), TODAY()-B10)) -> 2 | AN10: =IF(ISBLANK(N10), "", IF((N10+P10+S10-AH10)/N10=0, "Closed", (N10+P10+S10-AH10)/(N10+P10+S10))) -> Closed | AO10: =IFS(AND(ISBLANK(AF10),ISBLANK(AC10),AN10="Closed"),Z10, AND(ISBLANK(AF10),AN10="Closed", AC10<>""),AC10,AND(AN10="Closed", AF10<>""),AF10, AN10<>"Closed", "") -> 45854 | AP10: =IF(ISBLANK(N10), "", X10*Y10+AA10*AB10+AD10*AE10) -> 65600 | AQ10: =IFS(AND(ISBLANK(D10),N10<>"",AN10="Closed",J10="B"),(AH10*AI10)-U10,AND(ISBLANK(D10),N10<>"",AN10<>"Closed",J10="B"),(X10*Y10+AA10*AB10+AD10*AE10+K10*AG10)-U10, AND(ISBLANK(D10),N10<>"",AN10="Closed",J10="S"),U10-(AH10*AI10),AND(ISBLANK(D10),N10<>"",AN10<>"Closed",J10="S"),U10-(X10*Y10+AA10*AB10+AD10*AE10+K10*AG10),AND(D10<>"",N10<>"",AH10<>"",AN10="Closed",J10="B"),(AH10*AI10)-(G10*(AG10+AH10)),AND(D10<>"",N10<>"",AH10<>"",AN10="Closed",J10="S"),(G10*(AG10+AH10))-(AH10*AI10),AND(D10<>"",N10<>"",AN10<>"Closed"),"",ISBLANK(B10),"") -> 1800 | AR10: =IFS(AND(B10>=DATE(2025,1,1), B10<=DATE(2025,1,31)), AQ10/DDashboard!$C$2, AND(B10>=DATE(2025,2,1), B10<=DATE(2025,2,28)), AQ10/DDashboard!$C$3, AND(B10>=DATE(2025,3,1), B10<=DATE(2025,3,31)), AQ10/DDashboard!$C$4, AND(B10>=DATE(2025,4,1), B10<=DATE(2025,4,30)), AQ10/DDashboard!$C$5,AND(B10>=DATE(2025,5,1), B10<=DATE(2025,5,31)), AQ10/DDashboard!$C$6,AND(B10>=DATE(2025,6,1), B10<=DATE(2025,6,30)), AQ10/DDashboard!$C$7,AND(B10>=DATE(2025,7,1), B10<=DATE(2025,7,31)), AQ10/DDashboard!$C$8,AND(B10>=DATE(2025,8,1), B10<=DATE(2025,8,31)), AQ10/DDashboard!$C$9,AND(B10>=DATE(2025,9,1), B10<=DATE(2025,9,30)), AQ10/DDashboard!$C$10,AND(B10>=DATE(2025,10,1), B10<=DATE(2025,10,31)), AQ10/DDashboard!$C$11,AND(B10>=DATE(2025,11,1), B10<=DATE(2025,11,30)), AQ10/DDashboard!$C$12, AND(B10>=DATE(2025,12,1), B10<=DATE(2025,12,31)), AQ10/DDashboard!$C$13, True, "") -> 0.0018 | AS10: {=IF(ISBLANK(C10), "", SUM($AR$8:AR10) )} -> -0.1428 | AT10: FALSE | AU10: Emotional | AW10: Lack of Patience
A11: 10 | B11: 45853 | C11: DIGITIDE | F11: 234.5 | G11: =IF(ISBLANK(O11), F11, (N11*F11+O11*P11+R11*S11)/(N11+P11+S11)) -> 234.5 | H11: 231 | J11: B | K11: =IFERROR(__xludf.DUMMYFUNCTION("IF(ISBLANK(C11), """", GOOGLEFINANCE(""NSE:"" & C11,""price""))"),91.49) -> 91.49 | L11: IPO base | M11: 1 M | N11: 200 | U11: =if(G11*N11<>0, F11*N11+O11*P11+R11*S11, "") -> 46900 | V11: =IFS(AND(B11>=DATE(2025,1,1), B11<=DATE(2025,1,31)), U11/DDashboard!$C$2, AND(B11>=DATE(2025,2,1), B11<=DATE(2025,2,28)), U11/DDashboard!$C$3, AND(B11>=DATE(2025,3,1), B11<=DATE(2025,3,31)), U11/DDashboard!$C$4, AND(B11>=DATE(2025,4,1), B11<=DATE(2025,4,30)), U11/DDashboard!$C$5,AND(B11>=DATE(2025,5,1), B11<=DATE(2025,5,31)), U11/DDashboard!$C$6,AND(B11>=DATE(2025,6,1), B11<=DATE(2025,6,30)), U11/DDashboard!$C$7,AND(B11>=DATE(2025,7,1), B11<=DATE(2025,7,31)), U11/DDashboard!$C$8,AND(B11>=DATE(2025,8,1), B11<=DATE(2025,8,31)), U11/DDashboard!$C$9,AND(B11>=DATE(2025,9,1), B11<=DATE(2025,9,30)), U11/DDashboard!$C$10,AND(B11>=DATE(2025,10,1), B11<=DATE(2025,10,31)), U11/DDashboard!$C$11,AND(B11>=DATE(2025,11,1), B11<=DATE(2025,11,30)), U11/DDashboard!$C$12, AND(B11>=DATE(2025,12,1), B11<=DATE(2025,12,31)), U11/DDashboard!$C$13, True, "") -> 0.0469 | W11: =IFS(ISBLANK(H11),"",AND(ISNUMBER(H11),J11="B"),(F11-H11)/F11,AND(ISNUMBER(H11), J11="S"),-(F11-H11)/F11) -> 0.014925373 | X11: 231 | Y11: 200 | Z11: 45853 | AG11: =IF(N11+P11+S11-AH11<>0,N11+P11+S11-AH11,"") | AH11: =if(Y11+AB11+AE11<>0, Y11+AB11+AE11, "") -> 200 | AI11: =IF(ISBLANK(E11), IF(ISBLANK(X11), K11, IFERROR(IF(ISBLANK(C11),X11*Y11+AA11*AB11+AD11*AE11+AG11*K11,X11*Y11+AA11*AB11+AD11*AE11+AG11*G11)/(Y11+AB11+AE11+AG11) , "")),(X11*Y11+AA11*AB11+AD11*AE11+AG11*G11)/(Y11+AB11+AE11+AG11)) -> 231 | AJ11: =IFERROR(IF(J11="B",(AI11-G11)/G11,(G11-AI11)/G11), "") -> -0.014925373 | AK11: =IFERROR(IFS(AND(J11="B",ISBLANK(I11)),(G11-H11)*AG11,AND(J11="B",ISNUMBER(I11)),(G11-I11)*AG11,AND(J11="S",ISBLANK(I11)),(H11-G11)*AG11,AND(J11="S",ISNUMBER(I11)),(I11-G11)*AG11),"") -> 0 | AL11: =IFERROR(AJ11/W11, "") -> -1 | AM11: =IF(AN11="", "", IF(AN11="Closed", IF(ISNUMBER(AF11), AF11-B11,IF(ISNUMBER(AC11), AC11-B11,IF(ISNUMBER(Z11), Z11-B11, ""))), TODAY()-B11)) -> 0 | AN11: =IF(ISBLANK(N11), "", IF((N11+P11+S11-AH11)/N11=0, "Closed", (N11+P11+S11-AH11)/(N11+P11+S11))) -> Closed | AO11: =IFS(AND(ISBLANK(AF11),ISBLANK(AC11),AN11="Closed"),Z11, AND(ISBLANK(AF11),AN11="Closed", AC11<>""),AC11,AND(AN11="Closed", AF11<>""),AF11, AN11<>"Closed", "") -> 45853 | AP11: =IF(ISBLANK(N11), "", X11*Y11+AA11*AB11+AD11*AE11) -> 46200 | AQ11: =IFS(AND(ISBLANK(D11),N11<>"",AN11="Closed",J11="B"),(AH11*AI11)-U11,AND(ISBLANK(D11),N11<>"",AN11<>"Closed",J11="B"),(X11*Y11+AA11*AB11+AD11*AE11+K11*AG11)-U11, AND(ISBLANK(D11),N11<>"",AN11="Closed",J11="S"),U11-(AH11*AI11),AND(ISBLANK(D11),N11<>"",AN11<>"Closed",J11="S"),U11-(X11*Y11+AA11*AB11+AD11*AE11+K11*AG11),AND(D11<>"",N11<>"",AH11<>"",AN11="Closed",J11="B"),(AH11*AI11)-(G11*(AG11+AH11)),AND(D11<>"",N11<>"",AH11<>"",AN11="Closed",J11="S"),(G11*(AG11+AH11))-(AH11*AI11),AND(D11<>"",N11<>"",AN11<>"Closed"),"",ISBLANK(B11),"") -> -700 | AR11: =IFS(AND(B11>=DATE(2025,1,1), B11<=DATE(2025,1,31)), AQ11/DDashboard!$C$2, AND(B11>=DATE(2025,2,1), B11<=DATE(2025,2,28)), AQ11/DDashboard!$C$3, AND(B11>=DATE(2025,3,1), B11<=DATE(2025,3,31)), AQ11/DDashboard!$C$4, AND(B11>=DATE(2025,4,1), B11<=DATE(2025,4,30)), AQ11/DDashboard!$C$5,AND(B11>=DATE(2025,5,1), B11<=DATE(2025,5,31)), AQ11/DDashboard!$C$6,AND(B11>=DATE(2025,6,1), B11<=DATE(2025,6,30)), AQ11/DDashboard!$C$7,AND(B11>=DATE(2025,7,1), B11<=DATE(2025,7,31)), AQ11/DDashboard!$C$8,AND(B11>=DATE(2025,8,1), B11<=DATE(2025,8,31)), AQ11/DDashboard!$C$9,AND(B11>=DATE(2025,9,1), B11<=DATE(2025,9,30)), AQ11/DDashboard!$C$10,AND(B11>=DATE(2025,10,1), B11<=DATE(2025,10,31)), AQ11/DDashboard!$C$11,AND(B11>=DATE(2025,11,1), B11<=DATE(2025,11,30)), AQ11/DDashboard!$C$12, AND(B11>=DATE(2025,12,1), B11<=DATE(2025,12,31)), AQ11/DDashboard!$C$13, True, "") -> -0.0007 | AS11: {=IF(ISBLANK(C11), "", SUM($AR$8:AR11) )} -> -0.1435 | AT11: TRUE | AU11: SL | AV11: Small SL | AW11: Too Tight SL
A12: 11 | B12: 45853 | C12: LTFOODS | F12: 486.5 | G12: =IF(ISBLANK(O12), F12, (N12*F12+O12*P12+R12*S12)/(N12+P12+S12)) -> 486.5 | H12: 480 | J12: B | K12: =IFERROR(__xludf.DUMMYFUNCTION("IF(ISBLANK(C12), """", GOOGLEFINANCE(""NSE:"" & C12,""price""))"),420.0) -> 420 | L12: Base on Base | M12: 2 W | N12: 200 | U12: =if(G12*N12<>0, F12*N12+O12*P12+R12*S12, "") -> 97300 | V12: =IFS(AND(B12>=DATE(2025,1,1), B12<=DATE(2025,1,31)), U12/DDashboard!$C$2, AND(B12>=DATE(2025,2,1), B12<=DATE(2025,2,28)), U12/DDashboard!$C$3, AND(B12>=DATE(2025,3,1), B12<=DATE(2025,3,31)), U12/DDashboard!$C$4, AND(B12>=DATE(2025,4,1), B12<=DATE(2025,4,30)), U12/DDashboard!$C$5,AND(B12>=DATE(2025,5,1), B12<=DATE(2025,5,31)), U12/DDashboard!$C$6,AND(B12>=DATE(2025,6,1), B12<=DATE(2025,6,30)), U12/DDashboard!$C$7,AND(B12>=DATE(2025,7,1), B12<=DATE(2025,7,31)), U12/DDashboard!$C$8,AND(B12>=DATE(2025,8,1), B12<=DATE(2025,8,31)), U12/DDashboard!$C$9,AND(B12>=DATE(2025,9,1), B12<=DATE(2025,9,30)), U12/DDashboard!$C$10,AND(B12>=DATE(2025,10,1), B12<=DATE(2025,10,31)), U12/DDashboard!$C$11,AND(B12>=DATE(2025,11,1), B12<=DATE(2025,11,30)), U12/DDashboard!$C$12, AND(B12>=DATE(2025,12,1), B12<=DATE(2025,12,31)), U12/DDashboard!$C$13, True, "") -> 0.0973 | W12: =IFS(ISBLANK(H12),"",AND(ISNUMBER(H12),J12="B"),(F12-H12)/F12,AND(ISNUMBER(H12), J12="S"),-(F12-H12)/F12) -> 0.01336074 | X12: 501.5 | Y12: 200 | Z12: 45856 | AG12: =IF(N12+P12+S12-AH12<>0,N12+P12+S12-AH12,"") | AH12: =if(Y12+AB12+AE12<>0, Y12+AB12+AE12, "") -> 200 | AI12: =IF(ISBLANK(E12), IF(ISBLANK(X12), K12, IFERROR(IF(ISBLANK(C12),X12*Y12+AA12*AB12+AD12*AE12+AG12*K12,X12*Y12+AA12*AB12+AD12*AE12+AG12*G12)/(Y12+AB12+AE12+AG12) , "")),(X12*Y12+AA12*AB12+AD12*AE12+AG12*G12)/(Y12+AB12+AE12+AG12)) -> 501.5 | AJ12: =IFERROR(IF(J12="B",(AI12-G12)/G12,(G12-AI12)/G12), "") -> 0.030832477 | AK12: =IFERROR(IFS(AND(J12="B",ISBLANK(I12)),(G12-H12)*AG12,AND(J12="B",ISNUMBER(I12)),(G12-I12)*AG12,AND(J12="S",ISBLANK(I12)),(H12-G12)*AG12,AND(J12="S",ISNUMBER(I12)),(I12-G12)*AG12),"") -> 0 | AL12: =IFERROR(AJ12/W12, "") -> 2.3076923 | AM12: =IF(AN12="", "", IF(AN12="Closed", IF(ISNUMBER(AF12), AF12-B12,IF(ISNUMBER(AC12), AC12-B12,IF(ISNUMBER(Z12), Z12-B12, ""))), TODAY()-B12)) -> 3 | AN12: =IF(ISBLANK(N12), "", IF((N12+P12+S12-AH12)/N12=0, "Closed", (N12+P12+S12-AH12)/(N12+P12+S12))) -> Closed | AO12: =IFS(AND(ISBLANK(AF12),ISBLANK(AC12),AN12="Closed"),Z12, AND(ISBLANK(AF12),AN12="Closed", AC12<>""),AC12,AND(AN12="Closed", AF12<>""),AF12, AN12<>"Closed", "") -> 45856 | AP12: =IF(ISBLANK(N12), "", X12*Y12+AA12*AB12+AD12*AE12) -> 100300 | AQ12: =IFS(AND(ISBLANK(D12),N12<>"",AN12="Closed",J12="B"),(AH12*AI12)-U12,AND(ISBLANK(D12),N12<>"",AN12<>"Closed",J12="B"),(X12*Y12+AA12*AB12+AD12*AE12+K12*AG12)-U12, AND(ISBLANK(D12),N12<>"",AN12="Closed",J12="S"),U12-(AH12*AI12),AND(ISBLANK(D12),N12<>"",AN12<>"Closed",J12="S"),U12-(X12*Y12+AA12*AB12+AD12*AE12+K12*AG12),AND(D12<>"",N12<>"",AH12<>"",AN12="Closed",J12="B"),(AH12*AI12)-(G12*(AG12+AH12)),AND(D12<>"",N12<>"",AH12<>"",AN12="Closed",J12="S"),(G12*(AG12+AH12))-(AH12*AI12),AND(D12<>"",N12<>"",AN12<>"Closed"),"",ISBLANK(B12),"") -> 3000 | AR12: =IFS(AND(B12>=DATE(2025,1,1), B12<=DATE(2025,1,31)), AQ12/DDashboard!$C$2, AND(B12>=DATE(2025,2,1), B12<=DATE(2025,2,28)), AQ12/DDashboard!$C$3, AND(B12>=DATE(2025,3,1), B12<=DATE(2025,3,31)), AQ12/DDashboard!$C$4, AND(B12>=DATE(2025,4,1), B12<=DATE(2025,4,30)), AQ12/DDashboard!$C$5,AND(B12>=DATE(2025,5,1), B12<=DATE(2025,5,31)), AQ12/DDashboard!$C$6,AND(B12>=DATE(2025,6,1), B12<=DATE(2025,6,30)), AQ12/DDashboard!$C$7,AND(B12>=DATE(2025,7,1), B12<=DATE(2025,7,31)), AQ12/DDashboard!$C$8,AND(B12>=DATE(2025,8,1), B12<=DATE(2025,8,31)), AQ12/DDashboard!$C$9,AND(B12>=DATE(2025,9,1), B12<=DATE(2025,9,30)), AQ12/DDashboard!$C$10,AND(B12>=DATE(2025,10,1), B12<=DATE(2025,10,31)), AQ12/DDashboard!$C$11,AND(B12>=DATE(2025,11,1), B12<=DATE(2025,11,30)), AQ12/DDashboard!$C$12, AND(B12>=DATE(2025,12,1), B12<=DATE(2025,12,31)), AQ12/DDashboard!$C$13, True, "") -> 0.003 | AS12: {=IF(ISBLANK(C12), "", SUM($AR$8:AR12) )} -> -0.1405 | AT12: TRUE | AU12: Market Pressure | AV12: Good Entry | AW12: Poor Exit
A13: 12 | B13: 45853 | C13: SUBROS | F13: 935 | G13: =IF(ISBLANK(O13), F13, (N13*F13+O13*P13+R13*S13)/(N13+P13+S13)) -> 934.51527 | H13: 915 | J13: B | K13: =IFERROR(__xludf.DUMMYFUNCTION("IF(ISBLANK(C13), """", GOOGLEFINANCE(""NSE:"" & C13,""price""))"),786.0) -> 786 | L13: Low Cheat | M13: 1 M | N13: 135 | O13: 934 | P13: 127 | Q13: 45853 | U13: =if(G13*N13<>0, F13*N13+O13*P13+R13*S13, "") -> 244843 | V13: =IFS(AND(B13>=DATE(2025,1,1), B13<=DATE(2025,1,31)), U13/DDashboard!$C$2, AND(B13>=DATE(2025,2,1), B13<=DATE(2025,2,28)), U13/DDashboard!$C$3, AND(B13>=DATE(2025,3,1), B13<=DATE(2025,3,31)), U13/DDashboard!$C$4, AND(B13>=DATE(2025,4,1), B13<=DATE(2025,4,30)), U13/DDashboard!$C$5,AND(B13>=DATE(2025,5,1), B13<=DATE(2025,5,31)), U13/DDashboard!$C$6,AND(B13>=DATE(2025,6,1), B13<=DATE(2025,6,30)), U13/DDashboard!$C$7,AND(B13>=DATE(2025,7,1), B13<=DATE(2025,7,31)), U13/DDashboard!$C$8,AND(B13>=DATE(2025,8,1), B13<=DATE(2025,8,31)), U13/DDashboard!$C$9,AND(B13>=DATE(2025,9,1), B13<=DATE(2025,9,30)), U13/DDashboard!$C$10,AND(B13>=DATE(2025,10,1), B13<=DATE(2025,10,31)), U13/DDashboard!$C$11,AND(B13>=DATE(2025,11,1), B13<=DATE(2025,11,30)), U13/DDashboard!$C$12, AND(B13>=DATE(2025,12,1), B13<=DATE(2025,12,31)), U13/DDashboard!$C$13, True, "") -> 0.244843 | W13: =IFS(ISBLANK(H13),"",AND(ISNUMBER(H13),J13="B"),(F13-H13)/F13,AND(ISNUMBER(H13), J13="S"),-(F13-H13)/F13) -> 0.021390374 | X13: 915 | Y13: 127 | Z13: 45854 | AA13: 883 | AB13: 135 | AC13: 45856 | AG13: =IF(N13+P13+S13-AH13<>0,N13+P13+S13-AH13,"") | AH13: =if(Y13+AB13+AE13<>0, Y13+AB13+AE13, "") -> 262 | AI13: =IF(ISBLANK(E13), IF(ISBLANK(X13), K13, IFERROR(IF(ISBLANK(C13),X13*Y13+AA13*AB13+AD13*AE13+AG13*K13,X13*Y13+AA13*AB13+AD13*AE13+AG13*G13)/(Y13+AB13+AE13+AG13) , "")),(X13*Y13+AA13*AB13+AD13*AE13+AG13*G13)/(Y13+AB13+AE13+AG13)) -> 898.51145 | AJ13: =IFERROR(IF(J13="B",(AI13-G13)/G13,(G13-AI13)/G13), "") -> -0.038526729 | AK13: =IFERROR(IFS(AND(J13="B",ISBLANK(I13)),(G13-H13)*AG13,AND(J13="B",ISNUMBER(I13)),(G13-I13)*AG13,AND(J13="S",ISBLANK(I13)),(H13-G13)*AG13,AND(J13="S",ISNUMBER(I13)),(I13-G13)*AG13),"") -> 0 | AL13: =IFERROR(AJ13/W13, "") -> -1.8011246 | AM13: =IF(AN13="", "", IF(AN13="Closed", IF(ISNUMBER(AF13), AF13-B13, IF(ISNUMBER(AC13), AC13-B13, IF(ISNUMBER(Z13), Z13-B13, "") ) ), TODAY()-B13)) -> 3 | AN13: =IF(ISBLANK(N13), "", IF((N13+P13+S13-AH13)/N13=0, "Closed", (N13+P13+S13-AH13)/(N13+P13+S13))) -> Closed | AO13: =IFS(AND(ISBLANK(AF13),ISBLANK(AC13),AN13="Closed"),Z13, AND(ISBLANK(AF13),AN13="Closed", AC13<>""),AC13,AND(AN13="Closed", AF13<>""),AF13, AN13<>"Closed", "") -> 45856 | AP13: =IF(ISBLANK(N13), "", X13*Y13+AA13*AB13+AD13*AE13) -> 235410 | AQ13: =IFS(AND(ISBLANK(D13),N13<>"",AN13="Closed",J13="B"),(AH13*AI13)-U13,AND(ISBLANK(D13),N13<>"",AN13<>"Closed",J13="B"),(X13*Y13+AA13*AB13+AD13*AE13+K13*AG13)-U13, AND(ISBLANK(D13),N13<>"",AN13="Closed",J13="S"),U13-(AH13*AI13),AND(ISBLANK(D13),N13<>"",AN13<>"Closed",J13="S"),U13-(X13*Y13+AA13*AB13+AD13*AE13+K13*AG13),AND(D13<>"",N13<>"",AH13<>"",AN13="Closed",J13="B"),(AH13*AI13)-(G13*(AG13+AH13)),AND(D13<>"",N13<>"",AH13<>"",AN13="Closed",J13="S"),(G13*(AG13+AH13))-(AH13*AI13),AND(D13<>"",N13<>"",AN13<>"Closed"),"",ISBLANK(B13),"") -> -9433 | AR13: =IFS(AND(B13>=DATE(2025,1,1), B13<=DATE(2025,1,31)), AQ13/DDashboard!$C$2, AND(B13>=DATE(2025,2,1), B13<=DATE(2025,2,28)), AQ13/DDashboard!$C$3, AND(B13>=DATE(2025,3,1), B13<=DATE(2025,3,31)), AQ13/DDashboard!$C$4, AND(B13>=DATE(2025,4,1), B13<=DATE(2025,4,30)), AQ13/DDashboard!$C$5,AND(B13>=DATE(2025,5,1), B13<=DATE(2025,5,31)), AQ13/DDashboard!$C$6,AND(B13>=DATE(2025,6,1), B13<=DATE(2025,6,30)), AQ13/DDashboard!$C$7,AND(B13>=DATE(2025,7,1), B13<=DATE(2025,7,31)), AQ13/DDashboard!$C$8,AND(B13>=DATE(2025,8,1), B13<=DATE(2025,8,31)), AQ13/DDashboard!$C$9,AND(B13>=DATE(2025,9,1), B13<=DATE(2025,9,30)), AQ13/DDashboard!$C$10,AND(B13>=DATE(2025,10,1), B13<=DATE(2025,10,31)), AQ13/DDashboard!$C$11,AND(B13>=DATE(2025,11,1), B13<=DATE(2025,11,30)), AQ13/DDashboard!$C$12, AND(B13>=DATE(2025,12,1), B13<=DATE(2025,12,31)), AQ13/DDashboard!$C$13, True, "") -> -0.009433 | AS13: {=IF(ISBLANK(C13), "", SUM($AR$8:AR13) )} -> -0.149933 | AT13: FALSE | AU13: SL | AW13: FOMO
A14: 13 | B14: 45853 | C14: BALRAMCHIN | F14: 622 | G14: =IF(ISBLANK(O14), F14, (N14*F14+O14*P14+R14*S14)/(N14+P14+S14)) -> 622 | H14: 615 | J14: B | K14: =IFERROR(__xludf.DUMMYFUNCTION("IF(ISBLANK(C14), """", GOOGLEFINANCE(""NSE:"" & C14,""price""))"),506.35) -> 506.35 | L14: OSHL | M14: 6-8 M | N14: 100 | U14: =if(G14*N14<>0, F14*N14+O14*P14+R14*S14, "") -> 62200 | V14: =IFS(AND(B14>=DATE(2025,1,1), B14<=DATE(2025,1,31)), U14/DDashboard!$C$2, AND(B14>=DATE(2025,2,1), B14<=DATE(2025,2,28)), U14/DDashboard!$C$3, AND(B14>=DATE(2025,3,1), B14<=DATE(2025,3,31)), U14/DDashboard!$C$4, AND(B14>=DATE(2025,4,1), B14<=DATE(2025,4,30)), U14/DDashboard!$C$5,AND(B14>=DATE(2025,5,1), B14<=DATE(2025,5,31)), U14/DDashboard!$C$6,AND(B14>=DATE(2025,6,1), B14<=DATE(2025,6,30)), U14/DDashboard!$C$7,AND(B14>=DATE(2025,7,1), B14<=DATE(2025,7,31)), U14/DDashboard!$C$8,AND(B14>=DATE(2025,8,1), B14<=DATE(2025,8,31)), U14/DDashboard!$C$9,AND(B14>=DATE(2025,9,1), B14<=DATE(2025,9,30)), U14/DDashboard!$C$10,AND(B14>=DATE(2025,10,1), B14<=DATE(2025,10,31)), U14/DDashboard!$C$11,AND(B14>=DATE(2025,11,1), B14<=DATE(2025,11,30)), U14/DDashboard!$C$12, AND(B14>=DATE(2025,12,1), B14<=DATE(2025,12,31)), U14/DDashboard!$C$13, True, "") -> 0.0622 | W14: =IFS(ISBLANK(H14),"",AND(ISNUMBER(H14),J14="B"),(F14-H14)/F14,AND(ISNUMBER(H14), J14="S"),-(F14-H14)/F14) -> 0.011254019 | X14: 615 | Y14: 100 | Z14: 45855 | AG14: =IF(N14+P14+S14-AH14<>0,N14+P14+S14-AH14,"") | AH14: =if(Y14+AB14+AE14<>0, Y14+AB14+AE14, "") -> 100 | AI14: =IF(ISBLANK(E14), IF(ISBLANK(X14), K14, IFERROR(IF(ISBLANK(C14),X14*Y14+AA14*AB14+AD14*AE14+AG14*K14,X14*Y14+AA14*AB14+AD14*AE14+AG14*G14)/(Y14+AB14+AE14+AG14) , "")),(X14*Y14+AA14*AB14+AD14*AE14+AG14*G14)/(Y14+AB14+AE14+AG14)) -> 615 | AJ14: =IFERROR(IF(J14="B",(AI14-G14)/G14,(G14-AI14)/G14), "") -> -0.011254019 | AK14: =IFERROR(IFS(AND(J14="B",ISBLANK(I14)),(G14-H14)*AG14,AND(J14="B",ISNUMBER(I14)),(G14-I14)*AG14,AND(J14="S",ISBLANK(I14)),(H14-G14)*AG14,AND(J14="S",ISNUMBER(I14)),(I14-G14)*AG14),"") -> 0 | AL14: =IFERROR(AJ14/W14, "") -> -1 | AM14: =IF(AN14="", "", IF(AN14="Closed", IF(ISNUMBER(AF14), AF14-B14,IF(ISNUMBER(AC14), AC14-B14,IF(ISNUMBER(Z14), Z14-B14, ""))), TODAY()-B14)) -> 2 | AN14: =IF(ISBLANK(N14), "", IF((N14+P14+S14-AH14)/N14=0, "Closed", (N14+P14+S14-AH14)/(N14+P14+S14))) -> Closed | AO14: =IFS(AND(ISBLANK(AF14),ISBLANK(AC14),AN14="Closed"),Z14, AND(ISBLANK(AF14),AN14="Closed", AC14<>""),AC14,AND(AN14="Closed", AF14<>""),AF14, AN14<>"Closed", "") -> 45855 | AP14: =IF(ISBLANK(N14), "", X14*Y14+AA14*AB14+AD14*AE14) -> 61500 | AQ14: =IFS(AND(ISBLANK(D14),N14<>"",AN14="Closed",J14="B"),(AH14*AI14)-U14,AND(ISBLANK(D14),N14<>"",AN14<>"Closed",J14="B"),(X14*Y14+AA14*AB14+AD14*AE14+K14*AG14)-U14, AND(ISBLANK(D14),N14<>"",AN14="Closed",J14="S"),U14-(AH14*AI14),AND(ISBLANK(D14),N14<>"",AN14<>"Closed",J14="S"),U14-(X14*Y14+AA14*AB14+AD14*AE14+K14*AG14),AND(D14<>"",N14<>"",AH14<>"",AN14="Closed",J14="B"),(AH14*AI14)-(G14*(AG14+AH14)),AND(D14<>"",N14<>"",AH14<>"",AN14="Closed",J14="S"),(G14*(AG14+AH14))-(AH14*AI14),AND(D14<>"",N14<>"",AN14<>"Closed"),"",ISBLANK(B14),"") -> -700 | AR14: =IFS(AND(B14>=DATE(2025,1,1), B14<=DATE(2025,1,31)), AQ14/DDashboard!$C$2, AND(B14>=DATE(2025,2,1), B14<=DATE(2025,2,28)), AQ14/DDashboard!$C$3, AND(B14>=DATE(2025,3,1), B14<=DATE(2025,3,31)), AQ14/DDashboard!$C$4, AND(B14>=DATE(2025,4,1), B14<=DATE(2025,4,30)), AQ14/DDashboard!$C$5,AND(B14>=DATE(2025,5,1), B14<=DATE(2025,5,31)), AQ14/DDashboard!$C$6,AND(B14>=DATE(2025,6,1), B14<=DATE(2025,6,30)), AQ14/DDashboard!$C$7,AND(B14>=DATE(2025,7,1), B14<=DATE(2025,7,31)), AQ14/DDashboard!$C$8,AND(B14>=DATE(2025,8,1), B14<=DATE(2025,8,31)), AQ14/DDashboard!$C$9,AND(B14>=DATE(2025,9,1), B14<=DATE(2025,9,30)), AQ14/DDashboard!$C$10,AND(B14>=DATE(2025,10,1), B14<=DATE(2025,10,31)), AQ14/DDashboard!$C$11,AND(B14>=DATE(2025,11,1), B14<=DATE(2025,11,30)), AQ14/DDashboard!$C$12, AND(B14>=DATE(2025,12,1), B14<=DATE(2025,12,31)), AQ14/DDashboard!$C$13, True, "") -> -0.0007 | AS14: {=IF(ISBLANK(C14), "", SUM($AR$8:AR14) )} -> -0.150633 | AT14: FALSE
A15: 14 | B15: 45853 | C15: OMAXE | F15: 105.4 | G15: =IF(ISBLANK(O15), F15, (N15*F15+O15*P15+R15*S15)/(N15+P15+S15)) -> 105.4 | H15: 104.4 | J15: B | K15: =IFERROR(__xludf.DUMMYFUNCTION("IF(ISBLANK(C15), """", GOOGLEFINANCE(""NSE:"" & C15,""price""))"),81.77) -> 81.77 | L15: Flag | M15: 2 M | N15: 1000 | U15: =if(G15*N15<>0, F15*N15+O15*P15+R15*S15, "") -> 105400 | V15: =IFS(AND(B15>=DATE(2025,1,1), B15<=DATE(2025,1,31)), U15/DDashboard!$C$2, AND(B15>=DATE(2025,2,1), B15<=DATE(2025,2,28)), U15/DDashboard!$C$3, AND(B15>=DATE(2025,3,1), B15<=DATE(2025,3,31)), U15/DDashboard!$C$4, AND(B15>=DATE(2025,4,1), B15<=DATE(2025,4,30)), U15/DDashboard!$C$5,AND(B15>=DATE(2025,5,1), B15<=DATE(2025,5,31)), U15/DDashboard!$C$6,AND(B15>=DATE(2025,6,1), B15<=DATE(2025,6,30)), U15/DDashboard!$C$7,AND(B15>=DATE(2025,7,1), B15<=DATE(2025,7,31)), U15/DDashboard!$C$8,AND(B15>=DATE(2025,8,1), B15<=DATE(2025,8,31)), U15/DDashboard!$C$9,AND(B15>=DATE(2025,9,1), B15<=DATE(2025,9,30)), U15/DDashboard!$C$10,AND(B15>=DATE(2025,10,1), B15<=DATE(2025,10,31)), U15/DDashboard!$C$11,AND(B15>=DATE(2025,11,1), B15<=DATE(2025,11,30)), U15/DDashboard!$C$12, AND(B15>=DATE(2025,12,1), B15<=DATE(2025,12,31)), U15/DDashboard!$C$13, True, "") -> 0.1054 | W15: =IFS(ISBLANK(H15),"",AND(ISNUMBER(H15),J15="B"),(F15-H15)/F15,AND(ISNUMBER(H15), J15="S"),-(F15-H15)/F15) -> 0.009487666 | X15: 104.95 | Y15: 1000 | Z15: 45854 | AG15: =IF(N15+P15+S15-AH15<>0,N15+P15+S15-AH15,"") | AH15: =if(Y15+AB15+AE15<>0, Y15+AB15+AE15, "") -> 1000 | AI15: =IF(ISBLANK(E15), IF(ISBLANK(X15), K15, IFERROR(IF(ISBLANK(C15),X15*Y15+AA15*AB15+AD15*AE15+AG14*K15,X15*Y15+AA15*AB15+AD15*AE15+AG14*G15)/(Y15+AB15+AE15+AG14) , "")),(X15*Y15+AA15*AB15+AD15*AE15+AG14*G15)/(Y15+AB15+AE15+AG14)) -> 104.95 | AJ15: =IFERROR(IF(J15="B",(AI15-G15)/G15,(G15-AI15)/G15), "") -> -0.0042694497 | AK15: =IFERROR(IFS(AND(J15="B",ISBLANK(I15)),(G15-H15)*AG14,AND(J15="B",ISNUMBER(I15)),(G15-I15)*AG14,AND(J15="S",ISBLANK(I15)),(H15-G15)*AG14,AND(J15="S",ISNUMBER(I15)),(I15-G15)*AG14),"") -> 0 | AL15: =IFERROR(AJ15/W15, "") -> -0.45 | AM15: =IF(AN15="", "", IF(AN15="Closed", IF(ISNUMBER(AF15), AF15-B15, IF(ISNUMBER(AC15), AC15-B15, IF(ISNUMBER(Z15), Z15-B15, "") ) ), TODAY()-B15)) -> 1 | AN15: =IF(ISBLANK(N15), "", IF((N15+P15+S15-AH15)/N15=0, "Closed", (N15+P15+S15-AH15)/(N15+P15+S15))) -> Closed | AO15: =IFS(AND(ISBLANK(AF15),ISBLANK(AC15),AN15="Closed"),Z15, AND(ISBLANK(AF15),AN15="Closed", AC15<>""),AC15,AND(AN15="Closed", AF15<>""),AF15, AN15<>"Closed", "") -> 45854 | AP15: =IF(ISBLANK(N15), "", X15*Y15+AA15*AB15+AD15*AE15) -> 104950 | AQ15: =IFS(AND(ISBLANK(D15),N15<>"",AN15="Closed",J15="B"),(AH15*AI15)-U15,AND(ISBLANK(D15),N15<>"",AN15<>"Closed",J15="B"),(X15*Y15+AA15*AB15+AD15*AE15+K15*AG14)-U15, AND(ISBLANK(D15),N15<>"",AN15="Closed",J15="S"),U15-(AH15*AI15),AND(ISBLANK(D15),N15<>"",AN15<>"Closed",J15="S"),U15-(X15*Y15+AA15*AB15+AD15*AE15+K15*AG14),AND(D15<>"",N15<>"",AH15<>"",AN15="Closed",J15="B"),(AH15*AI15)-(G15*(AG14+AH15)),AND(D15<>"",N15<>"",AH15<>"",AN15="Closed",J15="S"),(G15*(AG14+AH15))-(AH15*AI15),AND(D15<>"",N15<>"",AN15<>"Closed"),"",ISBLANK(B15),"") -> -450 | AR15: =IFS(AND(B15>=DATE(2025,1,1), B15<=DATE(2025,1,31)), AQ15/DDashboard!$C$2, AND(B15>=DATE(2025,2,1), B15<=DATE(2025,2,28)), AQ15/DDashboard!$C$3, AND(B15>=DATE(2025,3,1), B15<=DATE(2025,3,31)), AQ15/DDashboard!$C$4, AND(B15>=DATE(2025,4,1), B15<=DATE(2025,4,30)), AQ15/DDashboard!$C$5,AND(B15>=DATE(2025,5,1), B15<=DATE(2025,5,31)), AQ15/DDashboard!$C$6,AND(B15>=DATE(2025,6,1), B15<=DATE(2025,6,30)), AQ15/DDashboard!$C$7,AND(B15>=DATE(2025,7,1), B15<=DATE(2025,7,31)), AQ15/DDashboard!$C$8,AND(B15>=DATE(2025,8,1), B15<=DATE(2025,8,31)), AQ15/DDashboard!$C$9,AND(B15>=DATE(2025,9,1), B15<=DATE(2025,9,30)), AQ15/DDashboard!$C$10,AND(B15>=DATE(2025,10,1), B15<=DATE(2025,10,31)), AQ15/DDashboard!$C$11,AND(B15>=DATE(2025,11,1), B15<=DATE(2025,11,30)), AQ15/DDashboard!$C$12, AND(B15>=DATE(2025,12,1), B15<=DATE(2025,12,31)), AQ15/DDashboard!$C$13, True, "") -> -0.00045 | AS15: {=IF(ISBLANK(C15), "", SUM($AR$8:AR15) )} -> -0.151083 | AT15: FALSE
A16: 15 | B16: 45854 | C16: CRIZAC | F16: 342.47 | G16: =IF(ISBLANK(O16), F16, (N16*F16+O16*P16+R16*S16)/(N16+P16+S16)) -> 342.47 | H16: 335.5 | J16: B | K16: =IFERROR(__xludf.DUMMYFUNCTION("IF(ISBLANK(C16), """", GOOGLEFINANCE(""NSE:"" & C16,""price""))"),230.0) -> 230 | L16: IPO base | M16: <1 W | N16: 204 | U16: =if(G16*N16<>0, F16*N16+O16*P16+R16*S16, "") -> 69863.88 | V16: =IFS(AND(B16>=DATE(2025,1,1), B16<=DATE(2025,1,31)), U16/DDashboard!$C$2, AND(B16>=DATE(2025,2,1), B16<=DATE(2025,2,28)), U16/DDashboard!$C$3, AND(B16>=DATE(2025,3,1), B16<=DATE(2025,3,31)), U16/DDashboard!$C$4, AND(B16>=DATE(2025,4,1), B16<=DATE(2025,4,30)), U16/DDashboard!$C$5,AND(B16>=DATE(2025,5,1), B16<=DATE(2025,5,31)), U16/DDashboard!$C$6,AND(B16>=DATE(2025,6,1), B16<=DATE(2025,6,30)), U16/DDashboard!$C$7,AND(B16>=DATE(2025,7,1), B16<=DATE(2025,7,31)), U16/DDashboard!$C$8,AND(B16>=DATE(2025,8,1), B16<=DATE(2025,8,31)), U16/DDashboard!$C$9,AND(B16>=DATE(2025,9,1), B16<=DATE(2025,9,30)), U16/DDashboard!$C$10,AND(B16>=DATE(2025,10,1), B16<=DATE(2025,10,31)), U16/DDashboard!$C$11,AND(B16>=DATE(2025,11,1), B16<=DATE(2025,11,30)), U16/DDashboard!$C$12, AND(B16>=DATE(2025,12,1), B16<=DATE(2025,12,31)), U16/DDashboard!$C$13, True, "") -> 0.06986388 | W16: =IFS(ISBLANK(H16),"",AND(ISNUMBER(H16),J16="B"),(F16-H16)/F16,AND(ISNUMBER(H16), J16="S"),-(F16-H16)/F16) -> 0.020352148 | X16: 353.04 | Y16: 204 | Z16: 45854 | AG16: =IF(N16+P16+S16-AH16<>0,N16+P16+S16-AH16,"") | AH16: =if(Y16+AB16+AE16<>0, Y16+AB16+AE16, "") -> 204 | AI16: =IF(ISBLANK(E16), IF(ISBLANK(X16), K16, IFERROR(IF(ISBLANK(C16),X16*Y16+AA16*AB16+AD16*AE16+AG16*K16,X16*Y16+AA16*AB16+AD16*AE16+AG16*G16)/(Y16+AB16+AE16+AG16) , "")),(X16*Y16+AA16*AB16+AD16*AE16+AG16*G16)/(Y16+AB16+AE16+AG16)) -> 353.04 | AJ16: =IFERROR(IF(J16="B",(AI16-G16)/G16,(G16-AI16)/G16), "") -> 0.030864017 | AK16: =IFERROR(IFS(AND(J16="B",ISBLANK(I16)),(G16-H16)*AG16,AND(J16="B",ISNUMBER(I16)),(G16-I16)*AG16,AND(J16="S",ISBLANK(I16)),(H16-G16)*AG16,AND(J16="S",ISNUMBER(I16)),(I16-G16)*AG16),"") -> 0 | AL16: =IFERROR(AJ16/W16, "") -> 1.5164993 | AM16: =IF(AN16="", "", IF(AN16="Closed", IF(ISNUMBER(AF16), AF16-B16, IF(ISNUMBER(AC16), AC16-B16, IF(ISNUMBER(Z16), Z16-B16, "") ) ), TODAY()-B16)) -> 0 | AN16: =IF(ISBLANK(N16), "", IF((N16+P16+S16-AH16)/N16=0, "Closed", (N16+P16+S16-AH16)/(N16+P16+S16))) -> Closed | AO16: =IFS(AND(ISBLANK(AF16),ISBLANK(AC16),AN16="Closed"),Z16, AND(ISBLANK(AF16),AN16="Closed", AC16<>""),AC16,AND(AN16="Closed", AF16<>""),AF16, AN16<>"Closed", "") -> 45854 | AP16: =IF(ISBLANK(N16), "", X16*Y16+AA16*AB16+AD16*AE16) -> 72020.16 | AQ16: =IFS(AND(ISBLANK(D16),N16<>"",AN16="Closed",J16="B"),(AH16*AI16)-U16,AND(ISBLANK(D16),N16<>"",AN16<>"Closed",J16="B"),(X16*Y16+AA16*AB16+AD16*AE16+K16*AG16)-U16, AND(ISBLANK(D16),N16<>"",AN16="Closed",J16="S"),U16-(AH16*AI16),AND(ISBLANK(D16),N16<>"",AN16<>"Closed",J16="S"),U16-(X16*Y16+AA16*AB16+AD16*AE16+K16*AG16),AND(D16<>"",N16<>"",AH16<>"",AN16="Closed",J16="B"),(AH16*AI16)-(G16*(AG16+AH16)),AND(D16<>"",N16<>"",AH16<>"",AN16="Closed",J16="S"),(G16*(AG16+AH16))-(AH16*AI16),AND(D16<>"",N16<>"",AN16<>"Closed"),"",ISBLANK(B16),"") -> 2156.28 | AR16: =IFS(AND(B16>=DATE(2025,1,1), B16<=DATE(2025,1,31)), AQ16/DDashboard!$C$2, AND(B16>=DATE(2025,2,1), B16<=DATE(2025,2,28)), AQ16/DDashboard!$C$3, AND(B16>=DATE(2025,3,1), B16<=DATE(2025,3,31)), AQ16/DDashboard!$C$4, AND(B16>=DATE(2025,4,1), B16<=DATE(2025,4,30)), AQ16/DDashboard!$C$5,AND(B16>=DATE(2025,5,1), B16<=DATE(2025,5,31)), AQ16/DDashboard!$C$6,AND(B16>=DATE(2025,6,1), B16<=DATE(2025,6,30)), AQ16/DDashboard!$C$7,AND(B16>=DATE(2025,7,1), B16<=DATE(2025,7,31)), AQ16/DDashboard!$C$8,AND(B16>=DATE(2025,8,1), B16<=DATE(2025,8,31)), AQ16/DDashboard!$C$9,AND(B16>=DATE(2025,9,1), B16<=DATE(2025,9,30)), AQ16/DDashboard!$C$10,AND(B16>=DATE(2025,10,1), B16<=DATE(2025,10,31)), AQ16/DDashboard!$C$11,AND(B16>=DATE(2025,11,1), B16<=DATE(2025,11,30)), AQ16/DDashboard!$C$12, AND(B16>=DATE(2025,12,1), B16<=DATE(2025,12,31)), AQ16/DDashboard!$C$13, True, "") -> 0.00215628 | AS16: {=IF(ISBLANK(C16), "", SUM($AR$8:AR16) )} -> -0.14892672 | AT16: FALSE | AU16: SL | AV16: Small SL | AW16: Overtrading
A17: 16 | B17: 45855 | C17: LTTS | F17: 4370 | G17: =IF(ISBLANK(O17), F17, (N17*F17+O17*P17+R17*S17)/(N17+P17+S17)) -> 4370 | H17: 4335 | I17: 4390 | J17: B | K17: =IFERROR(__xludf.DUMMYFUNCTION("IF(ISBLANK(C17), """", GOOGLEFINANCE(""NSE:"" & C17,""price""))"),3645.3) -> 3645.3 | L17: EP | N17: 20 | U17: =if(G17*N17<>0, F17*N17+O17*P17+R17*S17, "") -> 87400 | V17: =IFS(AND(B17>=DATE(2025,1,1), B17<=DATE(2025,1,31)), U17/DDashboard!$C$2, AND(B17>=DATE(2025,2,1), B17<=DATE(2025,2,28)), U17/DDashboard!$C$3, AND(B17>=DATE(2025,3,1), B17<=DATE(2025,3,31)), U17/DDashboard!$C$4, AND(B17>=DATE(2025,4,1), B17<=DATE(2025,4,30)), U17/DDashboard!$C$5,AND(B17>=DATE(2025,5,1), B17<=DATE(2025,5,31)), U17/DDashboard!$C$6,AND(B17>=DATE(2025,6,1), B17<=DATE(2025,6,30)), U17/DDashboard!$C$7,AND(B17>=DATE(2025,7,1), B17<=DATE(2025,7,31)), U17/DDashboard!$C$8,AND(B17>=DATE(2025,8,1), B17<=DATE(2025,8,31)), U17/DDashboard!$C$9,AND(B17>=DATE(2025,9,1), B17<=DATE(2025,9,30)), U17/DDashboard!$C$10,AND(B17>=DATE(2025,10,1), B17<=DATE(2025,10,31)), U17/DDashboard!$C$11,AND(B17>=DATE(2025,11,1), B17<=DATE(2025,11,30)), U17/DDashboard!$C$12, AND(B17>=DATE(2025,12,1), B17<=DATE(2025,12,31)), U17/DDashboard!$C$13, True, "") -> 0.0874 | W17: =IFS(ISBLANK(H17),"",AND(ISNUMBER(H17),J17="B"),(F17-H17)/F17,AND(ISNUMBER(H17), J17="S"),-(F17-H17)/F17) -> 0.0080091533 | X17: 4462 | Y17: 5 | Z17: 45855 | AA17: 4372 | AB17: 15 | AC17: 45856 | AG17: =IF(N17+P17+S17-AH17<>0,N17+P17+S17-AH17,"") | AH17: =if(Y17+AB17+AE17<>0, Y17+AB17+AE17, "") -> 20 | AI17: =IF(ISBLANK(E17), IF(ISBLANK(X17), K17, IFERROR(IF(ISBLANK(C17),X17*Y17+AA17*AB17+AD17*AE17+AG17*K17,X17*Y17+AA17*AB17+AD17*AE17+AG17*G17)/(Y17+AB17+AE17+AG17) , "")),(X17*Y17+AA17*AB17+AD17*AE17+AG17*G17)/(Y17+AB17+AE17+AG17)) -> 4394.5 | AJ17: =IFERROR(IF(J17="B",(AI17-G17)/G17,(G17-AI17)/G17), "") -> 0.0056064073 | AK17: =IFERROR(IFS(AND(J17="B",ISBLANK(I17)),(G17-H17)*AG17,AND(J17="B",ISNUMBER(I17)),(G17-I17)*AG17,AND(J17="S",ISBLANK(I17)),(H17-G17)*AG17,AND(J17="S",ISNUMBER(I17)),(I17-G17)*AG17),"") -> 0 | AL17: =IFERROR(AJ17/W17, "") -> 0.7 | AM17: =IF(AN17="", "", IF(AN17="Closed", IF(ISNUMBER(AF17), AF17-B17,IF(ISNUMBER(AC17), AC17-B17,IF(ISNUMBER(Z17), Z17-B17, ""))), TODAY()-B17)) -> 1 | AN17: =IF(ISBLANK(N17), "", IF((N17+P17+S17-AH17)/N17=0, "Closed", (N17+P17+S17-AH17)/(N17+P17+S17))) -> Closed | AO17: =IFS(AND(ISBLANK(AF17),ISBLANK(AC17),AN17="Closed"),Z17, AND(ISBLANK(AF17),AN17="Closed", AC17<>""),AC17,AND(AN17="Closed", AF17<>""),AF17, AN17<>"Closed", "") -> 45856 | AP17: =IF(ISBLANK(N17), "", X17*Y17+AA17*AB17+AD17*AE17) -> 87890 | AQ17: =IFS(AND(ISBLANK(D17),N17<>"",AN17="Closed",J17="B"),(AH17*AI17)-U17,AND(ISBLANK(D17),N17<>"",AN17<>"Closed",J17="B"),(X17*Y17+AA17*AB17+AD17*AE17+K17*AG17)-U17, AND(ISBLANK(D17),N17<>"",AN17="Closed",J17="S"),U17-(AH17*AI17),AND(ISBLANK(D17),N17<>"",AN17<>"Closed",J17="S"),U17-(X17*Y17+AA17*AB17+AD17*AE17+K17*AG17),AND(D17<>"",N17<>"",AH17<>"",AN17="Closed",J17="B"),(AH17*AI17)-(G17*(AG17+AH17)),AND(D17<>"",N17<>"",AH17<>"",AN17="Closed",J17="S"),(G17*(AG17+AH17))-(AH17*AI17),AND(D17<>"",N17<>"",AN17<>"Closed"),"",ISBLANK(B17),"") -> 490 | AR17: =IFS(AND(B17>=DATE(2025,1,1), B17<=DATE(2025,1,31)), AQ17/DDashboard!$C$2, AND(B17>=DATE(2025,2,1), B17<=DATE(2025,2,28)), AQ17/DDashboard!$C$3, AND(B17>=DATE(2025,3,1), B17<=DATE(2025,3,31)), AQ17/DDashboard!$C$4, AND(B17>=DATE(2025,4,1), B17<=DATE(2025,4,30)), AQ17/DDashboard!$C$5,AND(B17>=DATE(2025,5,1), B17<=DATE(2025,5,31)), AQ17/DDashboard!$C$6,AND(B17>=DATE(2025,6,1), B17<=DATE(2025,6,30)), AQ17/DDashboard!$C$7,AND(B17>=DATE(2025,7,1), B17<=DATE(2025,7,31)), AQ17/DDashboard!$C$8,AND(B17>=DATE(2025,8,1), B17<=DATE(2025,8,31)), AQ17/DDashboard!$C$9,AND(B17>=DATE(2025,9,1), B17<=DATE(2025,9,30)), AQ17/DDashboard!$C$10,AND(B17>=DATE(2025,10,1), B17<=DATE(2025,10,31)), AQ17/DDashboard!$C$11,AND(B17>=DATE(2025,11,1), B17<=DATE(2025,11,30)), AQ17/DDashboard!$C$12, AND(B17>=DATE(2025,12,1), B17<=DATE(2025,12,31)), AQ17/DDashboard!$C$13, True, "") -> 0.00049 | AS17: {=IF(ISBLANK(C17), "", SUM($AR$8:AR17) )} -> -0.14843672 | AT17: TRUE | AU17: Breakeven exit | AW17: Illogical SL
A18: 17 | B18: 45855 | C18: POWERINDIA | F18: 18750 | G18: =IF(ISBLANK(O18), F18, (N18*F18+O18*P18+R18*S18)/(N18+P18+S18)) -> 18750 | H18: 18562 | I18: 18790 | J18: B | K18: =IFERROR(__xludf.DUMMYFUNCTION("IF(ISBLANK(C18), """", GOOGLEFINANCE(""NSE:"" & C18,""price""))"),29945.0) -> 29945 | L18: Base on Base | M18: 3-4 M | N18: 5 | U18: =if(G18*N18<>0, F18*N18+O18*P18+R18*S18, "") -> 93750 | V18: =IFS(AND(B18>=DATE(2025,1,1), B18<=DATE(2025,1,31)), U18/DDashboard!$C$2, AND(B18>=DATE(2025,2,1), B18<=DATE(2025,2,28)), U18/DDashboard!$C$3, AND(B18>=DATE(2025,3,1), B18<=DATE(2025,3,31)), U18/DDashboard!$C$4, AND(B18>=DATE(2025,4,1), B18<=DATE(2025,4,30)), U18/DDashboard!$C$5,AND(B18>=DATE(2025,5,1), B18<=DATE(2025,5,31)), U18/DDashboard!$C$6,AND(B18>=DATE(2025,6,1), B18<=DATE(2025,6,30)), U18/DDashboard!$C$7,AND(B18>=DATE(2025,7,1), B18<=DATE(2025,7,31)), U18/DDashboard!$C$8,AND(B18>=DATE(2025,8,1), B18<=DATE(2025,8,31)), U18/DDashboard!$C$9,AND(B18>=DATE(2025,9,1), B18<=DATE(2025,9,30)), U18/DDashboard!$C$10,AND(B18>=DATE(2025,10,1), B18<=DATE(2025,10,31)), U18/DDashboard!$C$11,AND(B18>=DATE(2025,11,1), B18<=DATE(2025,11,30)), U18/DDashboard!$C$12, AND(B18>=DATE(2025,12,1), B18<=DATE(2025,12,31)), U18/DDashboard!$C$13, True, "") -> 0.09375 | W18: =IFS(ISBLANK(H18),"",AND(ISNUMBER(H18),J18="B"),(F18-H18)/F18,AND(ISNUMBER(H18), J18="S"),-(F18-H18)/F18) -> 0.010026667 | X18: 18860 | Y18: 5 | Z18: 45859 | AG18: =IF(N18+P18+S18-AH18<>0,N18+P18+S18-AH18,"") | AH18: =if(Y18+AB18+AE18<>0, Y18+AB18+AE18, "") -> 5 | AI18: =IF(ISBLANK(E18), IF(ISBLANK(X18), K18, IFERROR(IF(ISBLANK(C18),X18*Y18+AA18*AB18+AD18*AE18+AG18*K18,X18*Y18+AA18*AB18+AD18*AE18+AG18*G18)/(Y18+AB18+AE18+AG18) , "")),(X18*Y18+AA18*AB18+AD18*AE18+AG18*G18)/(Y18+AB18+AE18+AG18)) -> 18860 | AJ18: =IFERROR(IF(J18="B",(AI18-G18)/G18,(G18-AI18)/G18), "") -> 0.0058666667 | AK18: =IFERROR(IFS(AND(J18="B",ISBLANK(I18)),(G18-H18)*AG18,AND(J18="B",ISNUMBER(I18)),(G18-I18)*AG18,AND(J18="S",ISBLANK(I18)),(H18-G18)*AG18,AND(J18="S",ISNUMBER(I18)),(I18-G18)*AG18),"") -> 0 | AL18: =IFERROR(AJ18/W18, "") -> 0.58510638 | AM18: =IF(AN18="", "", IF(AN18="Closed", IF(ISNUMBER(AF18), AF18-B18, IF(ISNUMBER(AC18), AC18-B18, IF(ISNUMBER(Z18), Z18-B18, "") ) ), TODAY()-B18)) -> 4 | AN18: =IF(ISBLANK(N18), "", IF((N18+P18+S18-AH18)/N18=0, "Closed", (N18+P18+S18-AH18)/(N18+P18+S18))) -> Closed | AO18: =IFS(AND(ISBLANK(AF18),ISBLANK(AC18),AN18="Closed"),Z18, AND(ISBLANK(AF18),AN18="Closed", AC18<>""),AC18,AND(AN18="Closed", AF18<>""),AF18, AN18<>"Closed", "") -> 45859 | AP18: =IF(ISBLANK(N18), "", X18*Y18+AA18*AB18+AD18*AE18) -> 94300 | AQ18: =IFS(AND(ISBLANK(D18),N18<>"",AN18="Closed",J18="B"),(AH18*AI18)-U18,AND(ISBLANK(D18),N18<>"",AN18<>"Closed",J18="B"),(X18*Y18+AA18*AB18+AD18*AE18+K18*AG18)-U18, AND(ISBLANK(D18),N18<>"",AN18="Closed",J18="S"),U18-(AH18*AI18),AND(ISBLANK(D18),N18<>"",AN18<>"Closed",J18="S"),U18-(X18*Y18+AA18*AB18+AD18*AE18+K18*AG18),AND(D18<>"",N18<>"",AH18<>"",AN18="Closed",J18="B"),(AH18*AI18)-(G18*(AG18+AH18)),AND(D18<>"",N18<>"",AH18<>"",AN18="Closed",J18="S"),(G18*(AG18+AH18))-(AH18*AI18),AND(D18<>"",N18<>"",AN18<>"Closed"),"",ISBLANK(B18),"") -> 550 | AR18: =IFS(AND(B18>=DATE(2025,1,1), B18<=DATE(2025,1,31)), AQ18/DDashboard!$C$2, AND(B18>=DATE(2025,2,1), B18<=DATE(2025,2,28)), AQ18/DDashboard!$C$3, AND(B18>=DATE(2025,3,1), B18<=DATE(2025,3,31)), AQ18/DDashboard!$C$4, AND(B18>=DATE(2025,4,1), B18<=DATE(2025,4,30)), AQ18/DDashboard!$C$5,AND(B18>=DATE(2025,5,1), B18<=DATE(2025,5,31)), AQ18/DDashboard!$C$6,AND(B18>=DATE(2025,6,1), B18<=DATE(2025,6,30)), AQ18/DDashboard!$C$7,AND(B18>=DATE(2025,7,1), B18<=DATE(2025,7,31)), AQ18/DDashboard!$C$8,AND(B18>=DATE(2025,8,1), B18<=DATE(2025,8,31)), AQ18/DDashboard!$C$9,AND(B18>=DATE(2025,9,1), B18<=DATE(2025,9,30)), AQ18/DDashboard!$C$10,AND(B18>=DATE(2025,10,1), B18<=DATE(2025,10,31)), AQ18/DDashboard!$C$11,AND(B18>=DATE(2025,11,1), B18<=DATE(2025,11,30)), AQ18/DDashboard!$C$12, AND(B18>=DATE(2025,12,1), B18<=DATE(2025,12,31)), AQ18/DDashboard!$C$13, True, "") -> 0.00055 | AS18: {=IF(ISBLANK(C18), "", SUM($AR$8:AR18) )} -> -0.14788672 | AT18: TRUE | AU18: Breakeven exit | AW18: Lack of Patience
A19: 18 | B19: 45856 | C19: NUVOCO | F19: 399.25 | G19: =IF(ISBLANK(O19), F19, (N19*F19+O19*P19+R19*S19)/(N19+P19+S19)) -> 399.25 | H19: 394 | J19: B | K19: =IFERROR(__xludf.DUMMYFUNCTION("IF(ISBLANK(C19), """", GOOGLEFINANCE(""NSE:"" & C19,""price""))"),304.7) -> 304.7 | L19: EP | N19: 150 | U19: =if(G19*N19<>0, F19*N19+O19*P19+R19*S19, "") -> 59887.5 | V19: =IFS(AND(B19>=DATE(2025,1,1), B19<=DATE(2025,1,31)), U19/DDashboard!$C$2, AND(B19>=DATE(2025,2,1), B19<=DATE(2025,2,28)), U19/DDashboard!$C$3, AND(B19>=DATE(2025,3,1), B19<=DATE(2025,3,31)), U19/DDashboard!$C$4, AND(B19>=DATE(2025,4,1), B19<=DATE(2025,4,30)), U19/DDashboard!$C$5,AND(B19>=DATE(2025,5,1), B19<=DATE(2025,5,31)), U19/DDashboard!$C$6,AND(B19>=DATE(2025,6,1), B19<=DATE(2025,6,30)), U19/DDashboard!$C$7,AND(B19>=DATE(2025,7,1), B19<=DATE(2025,7,31)), U19/DDashboard!$C$8,AND(B19>=DATE(2025,8,1), B19<=DATE(2025,8,31)), U19/DDashboard!$C$9,AND(B19>=DATE(2025,9,1), B19<=DATE(2025,9,30)), U19/DDashboard!$C$10,AND(B19>=DATE(2025,10,1), B19<=DATE(2025,10,31)), U19/DDashboard!$C$11,AND(B19>=DATE(2025,11,1), B19<=DATE(2025,11,30)), U19/DDashboard!$C$12, AND(B19>=DATE(2025,12,1), B19<=DATE(2025,12,31)), U19/DDashboard!$C$13, True, "") -> 0.0598875 | W19: =IFS(ISBLANK(H19),"",AND(ISNUMBER(H19),J19="B"),(F19-H19)/F19,AND(ISNUMBER(H19), J19="S"),-(F19-H19)/F19) -> 0.013149656 | X19: 393.5 | Y19: 150 | Z19: 45856 | AG19: =IF(N19+P19+S19-AH19<>0,N19+P19+S19-AH19,"") | AH19: =if(Y19+AB19+AE19<>0, Y19+AB19+AE19, "") -> 150 | AI19: =IF(ISBLANK(E19), IF(ISBLANK(X19), K19, IFERROR(IF(ISBLANK(C19),X19*Y19+AA19*AB19+AD19*AE19+AG19*K19,X19*Y19+AA19*AB19+AD19*AE19+AG19*G19)/(Y19+AB19+AE19+AG19) , "")),(X19*Y19+AA19*AB19+AD19*AE19+AG19*G19)/(Y19+AB19+AE19+AG19)) -> 393.5 | AJ19: =IFERROR(IF(J19="B",(AI19-G19)/G19,(G19-AI19)/G19), "") -> -0.014402004 | AK19: =IFERROR(IFS(AND(J19="B",ISBLANK(I19)),(G19-H19)*AG19,AND(J19="B",ISNUMBER(I19)),(G19-I19)*AG19,AND(J19="S",ISBLANK(I19)),(H19-G19)*AG19,AND(J19="S",ISNUMBER(I19)),(I19-G19)*AG19),"") -> 0 | AL19: =IFERROR(AJ19/W19, "") -> -1.0952381 | AM19: =IF(AN19="", "", IF(AN19="Closed", IF(ISNUMBER(AF19), AF19-B19, IF(ISNUMBER(AC19), AC19-B19, IF(ISNUMBER(Z19), Z19-B19, "") ) ), TODAY()-B19)) -> 0 | AN19: =IF(ISBLANK(N19), "", IF((N19+P19+S19-AH19)/N19=0, "Closed", (N19+P19+S19-AH19)/(N19+P19+S19))) -> Closed | AO19: =IFS(AND(ISBLANK(AF19),ISBLANK(AC19),AN19="Closed"),Z19, AND(ISBLANK(AF19),AN19="Closed", AC19<>""),AC19,AND(AN19="Closed", AF19<>""),AF19, AN19<>"Closed", "") -> 45856 | AP19: =IF(ISBLANK(N19), "", X19*Y19+AA19*AB19+AD19*AE19) -> 59025 | AQ19: =IFS(AND(ISBLANK(D19),N19<>"",AN19="Closed",J19="B"),(AH19*AI19)-U19,AND(ISBLANK(D19),N19<>"",AN19<>"Closed",J19="B"),(X19*Y19+AA19*AB19+AD19*AE19+K19*AG19)-U19, AND(ISBLANK(D19),N19<>"",AN19="Closed",J19="S"),U19-(AH19*AI19),AND(ISBLANK(D19),N19<>"",AN19<>"Closed",J19="S"),U19-(X19*Y19+AA19*AB19+AD19*AE19+K19*AG19),AND(D19<>"",N19<>"",AH19<>"",AN19="Closed",J19="B"),(AH19*AI19)-(G19*(AG19+AH19)),AND(D19<>"",N19<>"",AH19<>"",AN19="Closed",J19="S"),(G19*(AG19+AH19))-(AH19*AI19),AND(D19<>"",N19<>"",AN19<>"Closed"),"",ISBLANK(B19),"") -> -862.5 | AR19: =IFS(AND(B19>=DATE(2025,1,1), B19<=DATE(2025,1,31)), AQ19/DDashboard!$C$2, AND(B19>=DATE(2025,2,1), B19<=DATE(2025,2,28)), AQ19/DDashboard!$C$3, AND(B19>=DATE(2025,3,1), B19<=DATE(2025,3,31)), AQ19/DDashboard!$C$4, AND(B19>=DATE(2025,4,1), B19<=DATE(2025,4,30)), AQ19/DDashboard!$C$5,AND(B19>=DATE(2025,5,1), B19<=DATE(2025,5,31)), AQ19/DDashboard!$C$6,AND(B19>=DATE(2025,6,1), B19<=DATE(2025,6,30)), AQ19/DDashboard!$C$7,AND(B19>=DATE(2025,7,1), B19<=DATE(2025,7,31)), AQ19/DDashboard!$C$8,AND(B19>=DATE(2025,8,1), B19<=DATE(2025,8,31)), AQ19/DDashboard!$C$9,AND(B19>=DATE(2025,9,1), B19<=DATE(2025,9,30)), AQ19/DDashboard!$C$10,AND(B19>=DATE(2025,10,1), B19<=DATE(2025,10,31)), AQ19/DDashboard!$C$11,AND(B19>=DATE(2025,11,1), B19<=DATE(2025,11,30)), AQ19/DDashboard!$C$12, AND(B19>=DATE(2025,12,1), B19<=DATE(2025,12,31)), AQ19/DDashboard!$C$13, True, "") -> -0.0008625 | AS19: {=IF(ISBLANK(C19), "", SUM($AR$8:AR19) )} -> -0.14874922 | AT19: FALSE | AU19: SL | AW19: FOMO
A20: 19 | B20: 45859 | C20: EIEL | F20: 286.81 | G20: =IF(ISBLANK(O20), F20, (N20*F20+O20*P20+R20*S20)/(N20+P20+S20)) -> 286.81 | H20: 283 | J20: B | K20: =IFERROR(__xludf.DUMMYFUNCTION("IF(ISBLANK(C20), """", GOOGLEFINANCE(""NSE:"" & C20,""price""))"),208.9) -> 208.9 | L20: Low Cheat | M20: 3-4 M | N20: 200 | U20: =if(G20*N20<>0, F20*N20+O20*P20+R20*S20, "") -> 57362 | V20: =IFS(AND(B20>=DATE(2025,1,1), B20<=DATE(2025,1,31)), U20/DDashboard!$C$2, AND(B20>=DATE(2025,2,1), B20<=DATE(2025,2,28)), U20/DDashboard!$C$3, AND(B20>=DATE(2025,3,1), B20<=DATE(2025,3,31)), U20/DDashboard!$C$4, AND(B20>=DATE(2025,4,1), B20<=DATE(2025,4,30)), U20/DDashboard!$C$5,AND(B20>=DATE(2025,5,1), B20<=DATE(2025,5,31)), U20/DDashboard!$C$6,AND(B20>=DATE(2025,6,1), B20<=DATE(2025,6,30)), U20/DDashboard!$C$7,AND(B20>=DATE(2025,7,1), B20<=DATE(2025,7,31)), U20/DDashboard!$C$8,AND(B20>=DATE(2025,8,1), B20<=DATE(2025,8,31)), U20/DDashboard!$C$9,AND(B20>=DATE(2025,9,1), B20<=DATE(2025,9,30)), U20/DDashboard!$C$10,AND(B20>=DATE(2025,10,1), B20<=DATE(2025,10,31)), U20/DDashboard!$C$11,AND(B20>=DATE(2025,11,1), B20<=DATE(2025,11,30)), U20/DDashboard!$C$12, AND(B20>=DATE(2025,12,1), B20<=DATE(2025,12,31)), U20/DDashboard!$C$13, True, "") -> 0.057362 | W20: =IFS(ISBLANK(H20),"",AND(ISNUMBER(H20),J20="B"),(F20-H20)/F20,AND(ISNUMBER(H20), J20="S"),-(F20-H20)/F20) -> 0.013284056 | X20: 282 | Y20: 200 | Z20: 45859 | AG20: =IF(N20+P20+S20-AH20<>0,N20+P20+S20-AH20,"") | AH20: =if(Y20+AB20+AE20<>0, Y20+AB20+AE20, "") -> 200 | AI20: =IF(ISBLANK(E20), IF(ISBLANK(X20), K20, IFERROR(IF(ISBLANK(C20),X20*Y20+AA20*AB20+AD20*AE20+AG20*K20,X20*Y20+AA20*AB20+AD20*AE20+AG20*G20)/(Y20+AB20+AE20+AG20) , "")),(X20*Y20+AA20*AB20+AD20*AE20+AG20*G20)/(Y20+AB20+AE20+AG20)) -> 282 | AJ20: =IFERROR(IF(J20="B",(AI20-G20)/G20,(G20-AI20)/G20), "") -> -0.016770684 | AK20: =IFERROR(IFS(AND(J20="B",ISBLANK(I20)),(G20-H20)*AG20,AND(J20="B",ISNUMBER(I20)),(G20-I20)*AG20,AND(J20="S",ISBLANK(I20)),(H20-G20)*AG20,AND(J20="S",ISNUMBER(I20)),(I20-G20)*AG20),"") -> 0 | AL20: =IFERROR(AJ20/W20, "") -> -1.2624672 | AM20: =IF(AN20="", "", IF(AN20="Closed", IF(ISNUMBER(AF20), AF20-B20, IF(ISNUMBER(AC20), AC20-B20, IF(ISNUMBER(Z20), Z20-B20, "") ) ), TODAY()-B20)) -> 0 | AN20: =IF(ISBLANK(N20), "", IF((N20+P20+S20-AH20)/N20=0, "Closed", (N20+P20+S20-AH20)/(N20+P20+S20))) -> Closed | AO20: =IFS(AND(ISBLANK(AF20),ISBLANK(AC20),AN20="Closed"),Z20, AND(ISBLANK(AF20),AN20="Closed", AC20<>""),AC20,AND(AN20="Closed", AF20<>""),AF20, AN20<>"Closed", "") -> 45859 | AP20: =IF(ISBLANK(N20), "", X20*Y20+AA20*AB20+AD20*AE20) -> 56400 | AQ20: =IFS(AND(ISBLANK(D20),N20<>"",AN20="Closed",J20="B"),(AH20*AI20)-U20,AND(ISBLANK(D20),N20<>"",AN20<>"Closed",J20="B"),(X20*Y20+AA20*AB20+AD20*AE20+K20*AG20)-U20, AND(ISBLANK(D20),N20<>"",AN20="Closed",J20="S"),U20-(AH20*AI20),AND(ISBLANK(D20),N20<>"",AN20<>"Closed",J20="S"),U20-(X20*Y20+AA20*AB20+AD20*AE20+K20*AG20),AND(D20<>"",N20<>"",AH20<>"",AN20="Closed",J20="B"),(AH20*AI20)-(G20*(AG20+AH20)),AND(D20<>"",N20<>"",AH20<>"",AN20="Closed",J20="S"),(G20*(AG20+AH20))-(AH20*AI20),AND(D20<>"",N20<>"",AN20<>"Closed"),"",ISBLANK(B20),"") -> -962 | AR20: =IFS(AND(B20>=DATE(2025,1,1), B20<=DATE(2025,1,31)), AQ20/DDashboard!$C$2, AND(B20>=DATE(2025,2,1), B20<=DATE(2025,2,28)), AQ20/DDashboard!$C$3, AND(B20>=DATE(2025,3,1), B20<=DATE(2025,3,31)), AQ20/DDashboard!$C$4, AND(B20>=DATE(2025,4,1), B20<=DATE(2025,4,30)), AQ20/DDashboard!$C$5,AND(B20>=DATE(2025,5,1), B20<=DATE(2025,5,31)), AQ20/DDashboard!$C$6,AND(B20>=DATE(2025,6,1), B20<=DATE(2025,6,30)), AQ20/DDashboard!$C$7,AND(B20>=DATE(2025,7,1), B20<=DATE(2025,7,31)), AQ20/DDashboard!$C$8,AND(B20>=DATE(2025,8,1), B20<=DATE(2025,8,31)), AQ20/DDashboard!$C$9,AND(B20>=DATE(2025,9,1), B20<=DATE(2025,9,30)), AQ20/DDashboard!$C$10,AND(B20>=DATE(2025,10,1), B20<=DATE(2025,10,31)), AQ20/DDashboard!$C$11,AND(B20>=DATE(2025,11,1), B20<=DATE(2025,11,30)), AQ20/DDashboard!$C$12, AND(B20>=DATE(2025,12,1), B20<=DATE(2025,12,31)), AQ20/DDashboard!$C$13, True, "") -> -0.000962 | AS20: {=IF(ISBLANK(C20), "", SUM($AR$8:AR20) )} -> -0.14971122 | AT20: FALSE | AU20: SL | AW20: FOMO
A21: 20 | B21: 45859 | C21: DIXON | D21: 45869 | F21: 16233 | G21: =IF(ISBLANK(O21), F21, (N21*F21+O21*P21+R21*S21)/(N21+P21+S21)) -> 16233 | H21: 16183 | J21: B | K21: =IFERROR(__xludf.DUMMYFUNCTION("IF(ISBLANK(C21), """", GOOGLEFINANCE(""NSE:"" & C21,""price""))"),11271.0) -> 11271 | L21: Trendline | M21: 1 M | N21: 50 | U21: 216000 | V21: =IFS(AND(B21>=DATE(2025,1,1), B21<=DATE(2025,1,31)), U21/DDashboard!$C$2, AND(B21>=DATE(2025,2,1), B21<=DATE(2025,2,28)), U21/DDashboard!$C$3, AND(B21>=DATE(2025,3,1), B21<=DATE(2025,3,31)), U21/DDashboard!$C$4, AND(B21>=DATE(2025,4,1), B21<=DATE(2025,4,30)), U21/DDashboard!$C$5,AND(B21>=DATE(2025,5,1), B21<=DATE(2025,5,31)), U21/DDashboard!$C$6,AND(B21>=DATE(2025,6,1), B21<=DATE(2025,6,30)), U21/DDashboard!$C$7,AND(B21>=DATE(2025,7,1), B21<=DATE(2025,7,31)), U21/DDashboard!$C$8,AND(B21>=DATE(2025,8,1), B21<=DATE(2025,8,31)), U21/DDashboard!$C$9,AND(B21>=DATE(2025,9,1), B21<=DATE(2025,9,30)), U21/DDashboard!$C$10,AND(B21>=DATE(2025,10,1), B21<=DATE(2025,10,31)), U21/DDashboard!$C$11,AND(B21>=DATE(2025,11,1), B21<=DATE(2025,11,30)), U21/DDashboard!$C$12, AND(B21>=DATE(2025,12,1), B21<=DATE(2025,12,31)), U21/DDashboard!$C$13, True, "") -> 0.216 | W21: =IFS(ISBLANK(H21),"",AND(ISNUMBER(H21),J21="B"),(F21-H21)/F21,AND(ISNUMBER(H21), J21="S"),-(F21-H21)/F21) -> 0.0030801454 | X21: 16350 | Y21: 50 | Z21: 45859 | AG21: =IF(N21+P21+S21-AH21<>0,N21+P21+S21-AH21,"") | AH21: =if(Y21+AB21+AE21<>0, Y21+AB21+AE21, "") -> 50 | AI21: =IF(ISBLANK(E21), IF(ISBLANK(X21), K21, IFERROR(IF(ISBLANK(C21),X21*Y21+AA21*AB21+AD21*AE21+AG21*K21,X21*Y21+AA21*AB21+AD21*AE21+AG21*G21)/(Y21+AB21+AE21+AG21) , "")),(X21*Y21+AA21*AB21+AD21*AE21+AG21*G21)/(Y21+AB21+AE21+AG21)) -> 16350 | AJ21: =IFERROR(IF(J21="B",(AI21-G21)/G21,(G21-AI21)/G21), "") -> 0.0072075402 | AK21: =IFERROR(IFS(AND(J21="B",ISBLANK(I21)),(G21-H21)*AG21,AND(J21="B",ISNUMBER(I21)),(G21-I21)*AG21,AND(J21="S",ISBLANK(I21)),(H21-G21)*AG21,AND(J21="S",ISNUMBER(I21)),(I21-G21)*AG21),"") -> 0 | AL21: =IFERROR(AJ21/W21, "") -> 2.34 | AM21: =IF(AN21="", "", IF(AN21="Closed", IF(ISNUMBER(AF21), AF21-B21, IF(ISNUMBER(AC21), AC21-B21, IF(ISNUMBER(Z21), Z21-B21, "") ) ), TODAY()-B21)) -> 0 | AN21: =IF(ISBLANK(N21), "", IF((N21+P21+S21-AH21)/N21=0, "Closed", (N21+P21+S21-AH21)/(N21+P21+S21))) -> Closed | AO21: =IFS(AND(ISBLANK(AF21),ISBLANK(AC21),AN21="Closed"),Z21, AND(ISBLANK(AF21),AN21="Closed", AC21<>""),AC21,AND(AN21="Closed", AF21<>""),AF21, AN21<>"Closed", "") -> 45859 | AP21: =IF(ISBLANK(N21), "", X21*Y21+AA21*AB21+AD21*AE21) -> 817500 | AQ21: =IFS(AND(ISBLANK(D21),N21<>"",AN21="Closed",J21="B"),(AH21*AI21)-U21,AND(ISBLANK(D21),N21<>"",AN21<>"Closed",J21="B"),(X21*Y21+AA21*AB21+AD21*AE21+K21*AG21)-U21, AND(ISBLANK(D21),N21<>"",AN21="Closed",J21="S"),U21-(AH21*AI21),AND(ISBLANK(D21),N21<>"",AN21<>"Closed",J21="S"),U21-(X21*Y21+AA21*AB21+AD21*AE21+K21*AG21),AND(D21<>"",N21<>"",AH21<>"",AN21="Closed",J21="B"),(AH21*AI21)-(G21*(AG21+AH21)),AND(D21<>"",N21<>"",AH21<>"",AN21="Closed",J21="S"),(G21*(AG21+AH21))-(AH21*AI21),AND(D21<>"",N21<>"",AN21<>"Closed"),"",ISBLANK(B21),"") -> 5850 | AR21: =IFS(AND(B21>=DATE(2025,1,1), B21<=DATE(2025,1,31)), AQ21/DDashboard!$C$2, AND(B21>=DATE(2025,2,1), B21<=DATE(2025,2,28)), AQ21/DDashboard!$C$3, AND(B21>=DATE(2025,3,1), B21<=DATE(2025,3,31)), AQ21/DDashboard!$C$4, AND(B21>=DATE(2025,4,1), B21<=DATE(2025,4,30)), AQ21/DDashboard!$C$5,AND(B21>=DATE(2025,5,1), B21<=DATE(2025,5,31)), AQ21/DDashboard!$C$6,AND(B21>=DATE(2025,6,1), B21<=DATE(2025,6,30)), AQ21/DDashboard!$C$7,AND(B21>=DATE(2025,7,1), B21<=DATE(2025,7,31)), AQ21/DDashboard!$C$8,AND(B21>=DATE(2025,8,1), B21<=DATE(2025,8,31)), AQ21/DDashboard!$C$9,AND(B21>=DATE(2025,9,1), B21<=DATE(2025,9,30)), AQ21/DDashboard!$C$10,AND(B21>=DATE(2025,10,1), B21<=DATE(2025,10,31)), AQ21/DDashboard!$C$11,AND(B21>=DATE(2025,11,1), B21<=DATE(2025,11,30)), AQ21/DDashboard!$C$12, AND(B21>=DATE(2025,12,1), B21<=DATE(2025,12,31)), AQ21/DDashboard!$C$13, True, "") -> 0.00585 | AS21: {=IF(ISBLANK(C21), "", SUM($AR$8:AR21) )} -> -0.14386122 | AT21: TRUE | AU21: News/Events based | AV21: Exited in Strength
A22: 21 | B22: 45859 | C22: DIXON | F22: 16180 | G22: =IF(ISBLANK(O22), F22, (N22*F22+O22*P22+R22*S22)/(N22+P22+S22)) -> 16180 | H22: 16150 | J22: B | K22: =IFERROR(__xludf.DUMMYFUNCTION("IF(ISBLANK(C22), """", GOOGLEFINANCE(""NSE:"" & C22,""price""))"),11271.0) -> 11271 | L22: Trendline | M22: 1 M | N22: 50 | U22: =if(G22*N22<>0, F22*N22+O22*P22+R22*S22, "") -> 809000 | V22: =IFS(AND(B22>=DATE(2025,1,1), B22<=DATE(2025,1,31)), U22/DDashboard!$C$2, AND(B22>=DATE(2025,2,1), B22<=DATE(2025,2,28)), U22/DDashboard!$C$3, AND(B22>=DATE(2025,3,1), B22<=DATE(2025,3,31)), U22/DDashboard!$C$4, AND(B22>=DATE(2025,4,1), B22<=DATE(2025,4,30)), U22/DDashboard!$C$5,AND(B22>=DATE(2025,5,1), B22<=DATE(2025,5,31)), U22/DDashboard!$C$6,AND(B22>=DATE(2025,6,1), B22<=DATE(2025,6,30)), U22/DDashboard!$C$7,AND(B22>=DATE(2025,7,1), B22<=DATE(2025,7,31)), U22/DDashboard!$C$8,AND(B22>=DATE(2025,8,1), B22<=DATE(2025,8,31)), U22/DDashboard!$C$9,AND(B22>=DATE(2025,9,1), B22<=DATE(2025,9,30)), U22/DDashboard!$C$10,AND(B22>=DATE(2025,10,1), B22<=DATE(2025,10,31)), U22/DDashboard!$C$11,AND(B22>=DATE(2025,11,1), B22<=DATE(2025,11,30)), U22/DDashboard!$C$12, AND(B22>=DATE(2025,12,1), B22<=DATE(2025,12,31)), U22/DDashboard!$C$13, True, "") -> 0.809 | W22: =IFS(ISBLANK(H22),"",AND(ISNUMBER(H22),J22="B"),(F22-H22)/F22,AND(ISNUMBER(H22), J22="S"),-(F22-H22)/F22) -> 0.0018541409 | X22: 16240.78 | Y22: 50 | Z22: 45859 | AG22: =IF(N22+P22+S22-AH22<>0,N22+P22+S22-AH22,"") | AH22: =if(Y22+AB22+AE22<>0, Y22+AB22+AE22, "") -> 50 | AI22: =IF(ISBLANK(E22), IF(ISBLANK(X22), K22, IFERROR(IF(ISBLANK(C22),X22*Y22+AA22*AB22+AD22*AE22+AG22*K22,X22*Y22+AA22*AB22+AD22*AE22+AG22*G22)/(Y22+AB22+AE22+AG22) , "")),(X22*Y22+AA22*AB22+AD22*AE22+AG22*G22)/(Y22+AB22+AE22+AG22)) -> 16240.78 | AJ22: =IFERROR(IF(J22="B",(AI22-G22)/G22,(G22-AI22)/G22), "") -> 0.0037564895 | AK22: =IFERROR(IFS(AND(J22="B",ISBLANK(I22)),(G22-H22)*AG22,AND(J22="B",ISNUMBER(I22)),(G22-I22)*AG22,AND(J22="S",ISBLANK(I22)),(H22-G22)*AG22,AND(J22="S",ISNUMBER(I22)),(I22-G22)*AG22),"") -> 0 | AL22: =IFERROR(#REF!/W22, "") | AM22: =IF(AN22="", "", IF(AN22="Closed", IF(ISNUMBER(AF22), AF22-B22, IF(ISNUMBER(AC22), AC22-B22, IF(ISNUMBER(Z22), Z22-B22, "") ) ), TODAY()-B22)) -> 0 | AN22: =IF(ISBLANK(N22), "", IF((N22+P22+S22-AH22)/N22=0, "Closed", (N22+P22+S22-AH22)/(N22+P22+S22))) -> Closed | AO22: =IFS(AND(ISBLANK(AF22),ISBLANK(AC22),AN22="Closed"),Z22, AND(ISBLANK(AF22),AN22="Closed", AC22<>""),AC22,AND(AN22="Closed", AF22<>""),AF22, AN22<>"Closed", "") -> 45859 | AP22: =IF(ISBLANK(N22), "", X22*Y22+AA22*AB22+AD22*AE22) -> 812039 | AQ22: =IFS(AND(ISBLANK(D22),N22<>"",AN22="Closed",J22="B"),(AH22*AI22)-U22,AND(ISBLANK(D22),N22<>"",AN22<>"Closed",J22="B"),(X22*Y22+AA22*AB22+AD22*AE22+K22*AG22)-U22, AND(ISBLANK(D22),N22<>"",AN22="Closed",J22="S"),U22-(AH22*AI22),AND(ISBLANK(D22),N22<>"",AN22<>"Closed",J22="S"),U22-(X22*Y22+AA22*AB22+AD22*AE22+K22*AG22),AND(D22<>"",N22<>"",AH22<>"",AN22="Closed",J22="B"),(AH22*AI22)-(G22*(AG22+AH22)),AND(D22<>"",N22<>"",AH22<>"",AN22="Closed",J22="S"),(G22*(AG22+AH22))-(AH22*AI22),AND(D22<>"",N22<>"",AN22<>"Closed"),"",ISBLANK(B22),"") -> 3039 | AR22: =IFS(AND(B22>=DATE(2025,1,1), B22<=DATE(2025,1,31)), AQ22/DDashboard!$C$2, AND(B22>=DATE(2025,2,1), B22<=DATE(2025,2,28)), AQ22/DDashboard!$C$3, AND(B22>=DATE(2025,3,1), B22<=DATE(2025,3,31)), AQ22/DDashboard!$C$4, AND(B22>=DATE(2025,4,1), B22<=DATE(2025,4,30)), AQ22/DDashboard!$C$5,AND(B22>=DATE(2025,5,1), B22<=DATE(2025,5,31)), AQ22/DDashboard!$C$6,AND(B22>=DATE(2025,6,1), B22<=DATE(2025,6,30)), AQ22/DDashboard!$C$7,AND(B22>=DATE(2025,7,1), B22<=DATE(2025,7,31)), AQ22/DDashboard!$C$8,AND(B22>=DATE(2025,8,1), B22<=DATE(2025,8,31)), AQ22/DDashboard!$C$9,AND(B22>=DATE(2025,9,1), B22<=DATE(2025,9,30)), AQ22/DDashboard!$C$10,AND(B22>=DATE(2025,10,1), B22<=DATE(2025,10,31)), AQ22/DDashboard!$C$11,AND(B22>=DATE(2025,11,1), B22<=DATE(2025,11,30)), AQ22/DDashboard!$C$12, AND(B22>=DATE(2025,12,1), B22<=DATE(2025,12,31)), AQ22/DDashboard!$C$13, True, "") -> 0.003039 | AS22: {=IF(ISBLANK(C22), "", SUM($AR$8:AR22) )} -> -0.14082222 | AT22: TRUE | AU22: News/Events based | AV22: Well Managed
A23: 22 | B23: 45859 | C23: TRANSRAILL | F23: 738.5 | G23: =IF(ISBLANK(O23), F23, (N23*F23+O23*P23+R23*S23)/(N23+P23+S23)) -> 738.5 | H23: 725 | J23: B | K23: =IFERROR(__xludf.DUMMYFUNCTION("IF(ISBLANK(C23), """", GOOGLEFINANCE(""NSE:"" & C23,""price""))"),594.0) -> 594 | L23: Low Cheat | M23: 1 M | N23: 50 | U23: =if(G23*N23<>0, F23*N23+O23*P23+R23*S23, "") -> 36925 | V23: =IFS(AND(B23>=DATE(2025,1,1), B23<=DATE(2025,1,31)), U23/DDashboard!$C$2, AND(B23>=DATE(2025,2,1), B23<=DATE(2025,2,28)), U23/DDashboard!$C$3, AND(B23>=DATE(2025,3,1), B23<=DATE(2025,3,31)), U23/DDashboard!$C$4, AND(B23>=DATE(2025,4,1), B23<=DATE(2025,4,30)), U23/DDashboard!$C$5,AND(B23>=DATE(2025,5,1), B23<=DATE(2025,5,31)), U23/DDashboard!$C$6,AND(B23>=DATE(2025,6,1), B23<=DATE(2025,6,30)), U23/DDashboard!$C$7,AND(B23>=DATE(2025,7,1), B23<=DATE(2025,7,31)), U23/DDashboard!$C$8,AND(B23>=DATE(2025,8,1), B23<=DATE(2025,8,31)), U23/DDashboard!$C$9,AND(B23>=DATE(2025,9,1), B23<=DATE(2025,9,30)), U23/DDashboard!$C$10,AND(B23>=DATE(2025,10,1), B23<=DATE(2025,10,31)), U23/DDashboard!$C$11,AND(B23>=DATE(2025,11,1), B23<=DATE(2025,11,30)), U23/DDashboard!$C$12, AND(B23>=DATE(2025,12,1), B23<=DATE(2025,12,31)), U23/DDashboard!$C$13, True, "") -> 0.036925 | W23: =IFS(ISBLANK(H23),"",AND(ISNUMBER(H23),J23="B"),(F23-H23)/F23,AND(ISNUMBER(H23), J23="S"),-(F23-H23)/F23) -> 0.018280298 | X23: 729 | Y23: 50 | Z23: 45859 | AG23: =IF(N23+P23+S23-AH23<>0,N23+P23+S23-AH23,"") | AH23: =if(Y23+AB23+AE23<>0, Y23+AB23+AE23, "") -> 50 | AI23: =IF(ISBLANK(E23), IF(ISBLANK(X23), K23, IFERROR(IF(ISBLANK(C23),X23*Y23+AA23*AB23+AD23*AE23+AG23*K23,X23*Y23+AA23*AB23+AD23*AE23+AG23*G23)/(Y23+AB23+AE23+AG23) , "")),(X23*Y23+AA23*AB23+AD23*AE23+AG23*G23)/(Y23+AB23+AE23+AG23)) -> 729 | AJ23: =IFERROR(IF(J23="B",(AI23-G23)/G23,(G23-AI23)/G23), "") -> -0.012863913 | AK23: =IFERROR(IFS(AND(J23="B",ISBLANK(I23)),(G23-H23)*AG23,AND(J23="B",ISNUMBER(I23)),(G23-I23)*AG23,AND(J23="S",ISBLANK(I23)),(H23-G23)*AG23,AND(J23="S",ISNUMBER(I23)),(I23-G23)*AG23),"") -> 0 | AL23: =IFERROR(AJ23/W23, "") -> -0.7037037 | AM23: =IF(AN23="", "", IF(AN23="Closed", IF(ISNUMBER(AF23), AF23-B23, IF(ISNUMBER(AC23), AC23-B23, IF(ISNUMBER(Z23), Z23-B23, "") ) ), TODAY()-B23)) -> 0 | AN23: =IF(ISBLANK(N23), "", IF((N23+P23+S23-AH23)/N23=0, "Closed", (N23+P23+S23-AH23)/(N23+P23+S23))) -> Closed | AO23: =IFS(AND(ISBLANK(AF23),ISBLANK(AC23),AN23="Closed"),Z23, AND(ISBLANK(AF23),AN23="Closed", AC23<>""),AC23,AND(AN23="Closed", AF23<>""),AF23, AN23<>"Closed", "") -> 45859 | AP23: =IF(ISBLANK(N23), "", X23*Y23+AA23*AB23+AD23*AE23) -> 36450 | AQ23: =IFS(AND(ISBLANK(D23),N23<>"",AN23="Closed",J23="B"),(AH23*AI23)-U23,AND(ISBLANK(D23),N23<>"",AN23<>"Closed",J23="B"),(X23*Y23+AA23*AB23+AD23*AE23+K23*AG23)-U23, AND(ISBLANK(D23),N23<>"",AN23="Closed",J23="S"),U23-(AH23*AI23),AND(ISBLANK(D23),N23<>"",AN23<>"Closed",J23="S"),U23-(X23*Y23+AA23*AB23+AD23*AE23+K23*AG23),AND(D23<>"",N23<>"",AH23<>"",AN23="Closed",J23="B"),(AH23*AI23)-(G23*(AG23+AH23)),AND(D23<>"",N23<>"",AH23<>"",AN23="Closed",J23="S"),(G23*(AG23+AH23))-(AH23*AI23),AND(D23<>"",N23<>"",AN23<>"Closed"),"",ISBLANK(B23),"") -> -475 | AR23: =IFS(AND(B23>=DATE(2025,1,1), B23<=DATE(2025,1,31)), AQ23/DDashboard!$C$2, AND(B23>=DATE(2025,2,1), B23<=DATE(2025,2,28)), AQ23/DDashboard!$C$3, AND(B23>=DATE(2025,3,1), B23<=DATE(2025,3,31)), AQ23/DDashboard!$C$4, AND(B23>=DATE(2025,4,1), B23<=DATE(2025,4,30)), AQ23/DDashboard!$C$5,AND(B23>=DATE(2025,5,1), B23<=DATE(2025,5,31)), AQ23/DDashboard!$C$6,AND(B23>=DATE(2025,6,1), B23<=DATE(2025,6,30)), AQ23/DDashboard!$C$7,AND(B23>=DATE(2025,7,1), B23<=DATE(2025,7,31)), AQ23/DDashboard!$C$8,AND(B23>=DATE(2025,8,1), B23<=DATE(2025,8,31)), AQ23/DDashboard!$C$9,AND(B23>=DATE(2025,9,1), B23<=DATE(2025,9,30)), AQ23/DDashboard!$C$10,AND(B23>=DATE(2025,10,1), B23<=DATE(2025,10,31)), AQ23/DDashboard!$C$11,AND(B23>=DATE(2025,11,1), B23<=DATE(2025,11,30)), AQ23/DDashboard!$C$12, AND(B23>=DATE(2025,12,1), B23<=DATE(2025,12,31)), AQ23/DDashboard!$C$13, True, "") -> -0.000475 | AS23: {=IF(ISBLANK(C23), "", SUM($AR$8:AR23) )} -> -0.14129722 | AT23: FALSE | AU23: SL | AW23: FOMO
A24: 23 | B24: 45860 | C24: TRANSRAILL | F24: 715 | G24: =IF(ISBLANK(O24), F24, (N24*F24+O24*P24+R24*S24)/(N24+P24+S24)) -> 715 | H24: 697 | J24: B | K24: =IFERROR(__xludf.DUMMYFUNCTION("IF(ISBLANK(C24), """", GOOGLEFINANCE(""NSE:"" & C24,""price""))"),594.0) -> 594 | L24: Low Cheat | M24: 1 M | N24: 100 | U24: =if(G24*N24<>0, F24*N24+O24*P24+R24*S24, "") -> 71500 | V24: =IFS(AND(B24>=DATE(2025,1,1), B24<=DATE(2025,1,31)), U24/DDashboard!$C$2, AND(B24>=DATE(2025,2,1), B24<=DATE(2025,2,28)), U24/DDashboard!$C$3, AND(B24>=DATE(2025,3,1), B24<=DATE(2025,3,31)), U24/DDashboard!$C$4, AND(B24>=DATE(2025,4,1), B24<=DATE(2025,4,30)), U24/DDashboard!$C$5,AND(B24>=DATE(2025,5,1), B24<=DATE(2025,5,31)), U24/DDashboard!$C$6,AND(B24>=DATE(2025,6,1), B24<=DATE(2025,6,30)), U24/DDashboard!$C$7,AND(B24>=DATE(2025,7,1), B24<=DATE(2025,7,31)), U24/DDashboard!$C$8,AND(B24>=DATE(2025,8,1), B24<=DATE(2025,8,31)), U24/DDashboard!$C$9,AND(B24>=DATE(2025,9,1), B24<=DATE(2025,9,30)), U24/DDashboard!$C$10,AND(B24>=DATE(2025,10,1), B24<=DATE(2025,10,31)), U24/DDashboard!$C$11,AND(B24>=DATE(2025,11,1), B24<=DATE(2025,11,30)), U24/DDashboard!$C$12, AND(B24>=DATE(2025,12,1), B24<=DATE(2025,12,31)), U24/DDashboard!$C$13, True, "") -> 0.0715 | W24: =IFS(ISBLANK(H24),"",AND(ISNUMBER(H24),J24="B"),(F24-H24)/F24,AND(ISNUMBER(H24), J24="S"),-(F24-H24)/F24) -> 0.025174825 | X24: 720 | Y24: 100 | Z24: 45861 | AG24: =IF(N24+P24+S24-AH24<>0,N24+P24+S24-AH24,"") | AH24: =if(Y24+AB24+AE24<>0, Y24+AB24+AE24, "") -> 100 | AI24: =IF(ISBLANK(E24), IF(ISBLANK(X24), K24, IFERROR(IF(ISBLANK(C24),X24*Y24+AA24*AB24+AD24*AE24+AG24*K24,X24*Y24+AA24*AB24+AD24*AE24+AG24*G24)/(Y24+AB24+AE24+AG24) , "")),(X24*Y24+AA24*AB24+AD24*AE24+AG24*G24)/(Y24+AB24+AE24+AG24)) -> 720 | AJ24: =IFERROR(IF(J24="B",(AI24-G24)/G24,(G24-AI24)/G24), "") -> 0.006993007 | AK24: =IFERROR(IFS(AND(J24="B",ISBLANK(I24)),(G24-H24)*AG24,AND(J24="B",ISNUMBER(I24)),(G24-I24)*AG24,AND(J24="S",ISBLANK(I24)),(H24-G24)*AG24,AND(J24="S",ISNUMBER(I24)),(I24-G24)*AG24),"") -> 0 | AL24: =IFERROR(AJ24/W24, "") -> 0.27777778 | AM24: =IF(AN24="", "", IF(AN24="Closed", IF(ISNUMBER(AF24), AF24-B24, IF(ISNUMBER(AC24), AC24-B24, IF(ISNUMBER(Z24), Z24-B24, "") ) ), TODAY()-B24)) -> 1 | AN24: =IF(ISBLANK(N24), "", IF((N24+P24+S24-AH24)/N24=0, "Closed", (N24+P24+S24-AH24)/(N24+P24+S24))) -> Closed | AO24: =IFS(AND(ISBLANK(AF24),ISBLANK(AC24),AN24="Closed"),Z24, AND(ISBLANK(AF24),AN24="Closed", AC24<>""),AC24,AND(AN24="Closed", AF24<>""),AF24, AN24<>"Closed", "") -> 45861 | AP24: =IF(ISBLANK(N24), "", X24*Y24+AA24*AB24+AD24*AE24) -> 72000 | AQ24: =IFS(AND(ISBLANK(D24),N24<>"",AN24="Closed",J24="B"),(AH24*AI24)-U24,AND(ISBLANK(D24),N24<>"",AN24<>"Closed",J24="B"),(X24*Y24+AA24*AB24+AD24*AE24+K24*AG24)-U24, AND(ISBLANK(D24),N24<>"",AN24="Closed",J24="S"),U24-(AH24*AI24),AND(ISBLANK(D24),N24<>"",AN24<>"Closed",J24="S"),U24-(X24*Y24+AA24*AB24+AD24*AE24+K24*AG24),AND(D24<>"",N24<>"",AH24<>"",AN24="Closed",J24="B"),(AH24*AI24)-(G24*(AG24+AH24)),AND(D24<>"",N24<>"",AH24<>"",AN24="Closed",J24="S"),(G24*(AG24+AH24))-(AH24*AI24),AND(D24<>"",N24<>"",AN24<>"Closed"),"",ISBLANK(B24),"") -> 500 | AR24: =IFS(AND(B24>=DATE(2025,1,1), B24<=DATE(2025,1,31)), AQ24/DDashboard!$C$2, AND(B24>=DATE(2025,2,1), B24<=DATE(2025,2,28)), AQ24/DDashboard!$C$3, AND(B24>=DATE(2025,3,1), B24<=DATE(2025,3,31)), AQ24/DDashboard!$C$4, AND(B24>=DATE(2025,4,1), B24<=DATE(2025,4,30)), AQ24/DDashboard!$C$5,AND(B24>=DATE(2025,5,1), B24<=DATE(2025,5,31)), AQ24/DDashboard!$C$6,AND(B24>=DATE(2025,6,1), B24<=DATE(2025,6,30)), AQ24/DDashboard!$C$7,AND(B24>=DATE(2025,7,1), B24<=DATE(2025,7,31)), AQ24/DDashboard!$C$8,AND(B24>=DATE(2025,8,1), B24<=DATE(2025,8,31)), AQ24/DDashboard!$C$9,AND(B24>=DATE(2025,9,1), B24<=DATE(2025,9,30)), AQ24/DDashboard!$C$10,AND(B24>=DATE(2025,10,1), B24<=DATE(2025,10,31)), AQ24/DDashboard!$C$11,AND(B24>=DATE(2025,11,1), B24<=DATE(2025,11,30)), AQ24/DDashboard!$C$12, AND(B24>=DATE(2025,12,1), B24<=DATE(2025,12,31)), AQ24/DDashboard!$C$13, True, "") -> 0.0005 | AS24: {=IF(ISBLANK(C24), "", SUM($AR$8:AR24) )} -> -0.14079722 | AT24: FALSE | AU24: Breakeven exit | AW24: FOMO
A25: 24 | B25: 45861 | C25: JKCEMENT | F25: 6560 | G25: =IF(ISBLANK(O25), F25, (N25*F25+O25*P25+R25*S25)/(N25+P25+S25)) -> 6560 | H25: 6530 | J25: B | K25: =IFERROR(__xludf.DUMMYFUNCTION("IF(ISBLANK(C25), """", GOOGLEFINANCE(""NSE:"" & C25,""price""))"),5921.0) -> 5921 | L25: EP | N25: 10 | U25: =if(G25*N25<>0, F25*N25+O25*P25+R25*S25, "") -> 65600 | V25: =IFS(AND(B25>=DATE(2025,1,1), B25<=DATE(2025,1,31)), U25/DDashboard!$C$2, AND(B25>=DATE(2025,2,1), B25<=DATE(2025,2,28)), U25/DDashboard!$C$3, AND(B25>=DATE(2025,3,1), B25<=DATE(2025,3,31)), U25/DDashboard!$C$4, AND(B25>=DATE(2025,4,1), B25<=DATE(2025,4,30)), U25/DDashboard!$C$5,AND(B25>=DATE(2025,5,1), B25<=DATE(2025,5,31)), U25/DDashboard!$C$6,AND(B25>=DATE(2025,6,1), B25<=DATE(2025,6,30)), U25/DDashboard!$C$7,AND(B25>=DATE(2025,7,1), B25<=DATE(2025,7,31)), U25/DDashboard!$C$8,AND(B25>=DATE(2025,8,1), B25<=DATE(2025,8,31)), U25/DDashboard!$C$9,AND(B25>=DATE(2025,9,1), B25<=DATE(2025,9,30)), U25/DDashboard!$C$10,AND(B25>=DATE(2025,10,1), B25<=DATE(2025,10,31)), U25/DDashboard!$C$11,AND(B25>=DATE(2025,11,1), B25<=DATE(2025,11,30)), U25/DDashboard!$C$12, AND(B25>=DATE(2025,12,1), B25<=DATE(2025,12,31)), U25/DDashboard!$C$13, True, "") -> 0.0656 | W25: =IFS(ISBLANK(H25),"",AND(ISNUMBER(H25),J25="B"),(F25-H25)/F25,AND(ISNUMBER(H25), J25="S"),-(F25-H25)/F25) -> 0.0045731707 | X25: 6605 | Y25: 10 | Z25: 45861 | AG25: =IF(N25+P25+S25-AH25<>0,N25+P25+S25-AH25,"") | AH25: =if(Y25+AB25+AE25<>0, Y25+AB25+AE25, "") -> 10 | AI25: =IF(ISBLANK(E25), IF(ISBLANK(X25), K25, IFERROR(IF(ISBLANK(C25),X25*Y25+AA25*AB25+AD25*AE25+AG25*K25,X25*Y25+AA25*AB25+AD25*AE25+AG25*G25)/(Y25+AB25+AE25+AG25) , "")),(X25*Y25+AA25*AB25+AD25*AE25+AG25*G25)/(Y25+AB25+AE25+AG25)) -> 6605 | AJ25: =IFERROR(IF(J25="B",(AI25-G25)/G25,(G25-AI25)/G25), "") -> 0.0068597561 | AK25: =IFERROR(IFS(AND(J25="B",ISBLANK(I25)),(G25-H25)*AG25,AND(J25="B",ISNUMBER(I25)),(G25-I25)*AG25,AND(J25="S",ISBLANK(I25)),(H25-G25)*AG25,AND(J25="S",ISNUMBER(I25)),(I25-G25)*AG25),"") -> 0 | AL25: =IFERROR(AJ25/W25, "") -> 1.5 | AM25: =IF(AN25="", "", IF(AN25="Closed", IF(ISNUMBER(AF25), AF25-B25,IF(ISNUMBER(AC25), AC25-B25,IF(ISNUMBER(Z25), Z25-B25, ""))), TODAY()-B25)) -> 0 | AN25: =IF(ISBLANK(N25), "", IF((N25+P25+S25-AH25)/N25=0, "Closed", (N25+P25+S25-AH25)/(N25+P25+S25))) -> Closed | AO25: =IFS(AND(ISBLANK(AF25),ISBLANK(AC25),AN25="Closed"),Z25, AND(ISBLANK(AF25),AN25="Closed", AC25<>""),AC25,AND(AN25="Closed", AF25<>""),AF25, AN25<>"Closed", "") -> 45861 | AP25: =IF(ISBLANK(N25), "", X25*Y25+AA25*AB25+AD25*AE25) -> 66050 | AQ25: =IFS(AND(ISBLANK(D25),N25<>"",AN25="Closed",J25="B"),(AH25*AI25)-U25,AND(ISBLANK(D25),N25<>"",AN25<>"Closed",J25="B"),(X25*Y25+AA25*AB25+AD25*AE25+K25*AG25)-U25, AND(ISBLANK(D25),N25<>"",AN25="Closed",J25="S"),U25-(AH25*AI25),AND(ISBLANK(D25),N25<>"",AN25<>"Closed",J25="S"),U25-(X25*Y25+AA25*AB25+AD25*AE25+K25*AG25),AND(D25<>"",N25<>"",AH25<>"",AN25="Closed",J25="B"),(AH25*AI25)-(G25*(AG25+AH25)),AND(D25<>"",N25<>"",AH25<>"",AN25="Closed",J25="S"),(G25*(AG25+AH25))-(AH25*AI25),AND(D25<>"",N25<>"",AN25<>"Closed"),"",ISBLANK(B25),"") -> 450 | AR25: =IFS(AND(B25>=DATE(2025,1,1), B25<=DATE(2025,1,31)), AQ25/DDashboard!$C$2, AND(B25>=DATE(2025,2,1), B25<=DATE(2025,2,28)), AQ25/DDashboard!$C$3, AND(B25>=DATE(2025,3,1), B25<=DATE(2025,3,31)), AQ25/DDashboard!$C$4, AND(B25>=DATE(2025,4,1), B25<=DATE(2025,4,30)), AQ25/DDashboard!$C$5,AND(B25>=DATE(2025,5,1), B25<=DATE(2025,5,31)), AQ25/DDashboard!$C$6,AND(B25>=DATE(2025,6,1), B25<=DATE(2025,6,30)), AQ25/DDashboard!$C$7,AND(B25>=DATE(2025,7,1), B25<=DATE(2025,7,31)), AQ25/DDashboard!$C$8,AND(B25>=DATE(2025,8,1), B25<=DATE(2025,8,31)), AQ25/DDashboard!$C$9,AND(B25>=DATE(2025,9,1), B25<=DATE(2025,9,30)), AQ25/DDashboard!$C$10,AND(B25>=DATE(2025,10,1), B25<=DATE(2025,10,31)), AQ25/DDashboard!$C$11,AND(B25>=DATE(2025,11,1), B25<=DATE(2025,11,30)), AQ25/DDashboard!$C$12, AND(B25>=DATE(2025,12,1), B25<=DATE(2025,12,31)), AQ25/DDashboard!$C$13, True, "") -> 0.00045 | AS25: {=IF(ISBLANK(C25), "", SUM($AR$9:AR25) )} -> -0.14214722 | AT25: TRUE | AU25: Target | AV25: Well Managed
A26: 25 | B26: 45861 | C26: IDEAFORGE | F26: 510 | G26: =IF(ISBLANK(O26), F26, (N26*F26+O26*P26+R26*S26)/(N26+P26+S26)) -> 510 | H26: 515 | J26: S | K26: =IFERROR(__xludf.DUMMYFUNCTION("IF(ISBLANK(C26), """", GOOGLEFINANCE(""NSE:"" & C26,""price""))"),485.8) -> 485.8 | L26: EP | N26: 50 | U26: =if(G26*N26<>0, F26*N26+O26*P26+R26*S26, "") -> 25500 | V26: =IFS(AND(B26>=DATE(2025,1,1), B26<=DATE(2025,1,31)), U26/DDashboard!$C$2, AND(B26>=DATE(2025,2,1), B26<=DATE(2025,2,28)), U26/DDashboard!$C$3, AND(B26>=DATE(2025,3,1), B26<=DATE(2025,3,31)), U26/DDashboard!$C$4, AND(B26>=DATE(2025,4,1), B26<=DATE(2025,4,30)), U26/DDashboard!$C$5,AND(B26>=DATE(2025,5,1), B26<=DATE(2025,5,31)), U26/DDashboard!$C$6,AND(B26>=DATE(2025,6,1), B26<=DATE(2025,6,30)), U26/DDashboard!$C$7,AND(B26>=DATE(2025,7,1), B26<=DATE(2025,7,31)), U26/DDashboard!$C$8,AND(B26>=DATE(2025,8,1), B26<=DATE(2025,8,31)), U26/DDashboard!$C$9,AND(B26>=DATE(2025,9,1), B26<=DATE(2025,9,30)), U26/DDashboard!$C$10,AND(B26>=DATE(2025,10,1), B26<=DATE(2025,10,31)), U26/DDashboard!$C$11,AND(B26>=DATE(2025,11,1), B26<=DATE(2025,11,30)), U26/DDashboard!$C$12, AND(B26>=DATE(2025,12,1), B26<=DATE(2025,12,31)), U26/DDashboard!$C$13, True, "") -> 0.0255 | W26: =IFS(ISBLANK(H26),"",AND(ISNUMBER(H26),J26="B"),(F26-H26)/F26,AND(ISNUMBER(H26), J26="S"),-(F26-H26)/F26) -> 0.0098039216 | X26: 502 | Y26: 50 | Z26: 45861 | AG26: =IF(N26+P26+S26-AH26<>0,N26+P26+S26-AH26,"") | AH26: =if(Y26+AB26+AE26<>0, Y26+AB26+AE26, "") -> 50 | AI26: =IF(ISBLANK(E26), IF(ISBLANK(X26), K26, IFERROR(IF(ISBLANK(C26),X26*Y26+AA26*AB26+AD26*AE26+AG26*K26,X26*Y26+AA26*AB26+AD26*AE26+AG26*G26)/(Y26+AB26+AE26+AG26) , "")),(X26*Y26+AA26*AB26+AD26*AE26+AG26*G26)/(Y26+AB26+AE26+AG26)) -> 502 | AJ26: =IFERROR(IF(J26="B",(AI26-G26)/G26,(G26-AI26)/G26), "") -> 0.015686275 | AK26: =IFERROR(IFS(AND(J26="B",ISBLANK(I26)),(G26-H26)*AG26,AND(J26="B",ISNUMBER(I26)),(G26-I26)*AG26,AND(J26="S",ISBLANK(I26)),(H26-G26)*AG26,AND(J26="S",ISNUMBER(I26)),(I26-G26)*AG26),"") -> 0 | AL26: =IFERROR(AJ26/W26, "") -> 1.6 | AM26: =IF(AN26="", "", IF(AN26="Closed", IF(ISNUMBER(AF26), AF26-B26, IF(ISNUMBER(AC26), AC26-B26, IF(ISNUMBER(Z26), Z26-B26, "") ) ), TODAY()-B26)) -> 0 | AN26: =IF(ISBLANK(N26), "", IF((N26+P26+S26-AH26)/N26=0, "Closed", (N26+P26+S26-AH26)/(N26+P26+S26))) -> Closed | AO26: =IFS(AND(ISBLANK(AF26),ISBLANK(AC26),AN26="Closed"),Z26, AND(ISBLANK(AF26),AN26="Closed", AC26<>""),AC26,AND(AN26="Closed", AF26<>""),AF26, AN26<>"Closed", "") -> 45861 | AP26: =IF(ISBLANK(N26), "", X26*Y26+AA26*AB26+AD26*AE26) -> 25100 | AQ26: =IFS(AND(ISBLANK(D26),N26<>"",AN26="Closed",J26="B"),(AH26*AI26)-U26,AND(ISBLANK(D26),N26<>"",AN26<>"Closed",J26="B"),(X26*Y26+AA26*AB26+AD26*AE26+K26*AG26)-U26, AND(ISBLANK(D26),N26<>"",AN26="Closed",J26="S"),U26-(AH26*AI26),AND(ISBLANK(D26),N26<>"",AN26<>"Closed",J26="S"),U26-(X26*Y26+AA26*AB26+AD26*AE26+K26*AG26),AND(D26<>"",N26<>"",AH26<>"",AN26="Closed",J26="B"),(AH26*AI26)-(G26*(AG26+AH26)),AND(D26<>"",N26<>"",AH26<>"",AN26="Closed",J26="S"),(G26*(AG26+AH26))-(AH26*AI26),AND(D26<>"",N26<>"",AN26<>"Closed"),"",ISBLANK(B26),"") -> 400 | AR26: =IFS(AND(B26>=DATE(2025,1,1), B26<=DATE(2025,1,31)), AQ26/DDashboard!$C$2, AND(B26>=DATE(2025,2,1), B26<=DATE(2025,2,28)), AQ26/DDashboard!$C$3, AND(B26>=DATE(2025,3,1), B26<=DATE(2025,3,31)), AQ26/DDashboard!$C$4, AND(B26>=DATE(2025,4,1), B26<=DATE(2025,4,30)), AQ26/DDashboard!$C$5,AND(B26>=DATE(2025,5,1), B26<=DATE(2025,5,31)), AQ26/DDashboard!$C$6,AND(B26>=DATE(2025,6,1), B26<=DATE(2025,6,30)), AQ26/DDashboard!$C$7,AND(B26>=DATE(2025,7,1), B26<=DATE(2025,7,31)), AQ26/DDashboard!$C$8,AND(B26>=DATE(2025,8,1), B26<=DATE(2025,8,31)), AQ26/DDashboard!$C$9,AND(B26>=DATE(2025,9,1), B26<=DATE(2025,9,30)), AQ26/DDashboard!$C$10,AND(B26>=DATE(2025,10,1), B26<=DATE(2025,10,31)), AQ26/DDashboard!$C$11,AND(B26>=DATE(2025,11,1), B26<=DATE(2025,11,30)), AQ26/DDashboard!$C$12, AND(B26>=DATE(2025,12,1), B26<=DATE(2025,12,31)), AQ26/DDashboard!$C$13, True, "") -> 0.0004 | AS26: {=IF(ISBLANK(C26), "", SUM($AR$9:AR26) )} -> -0.14174722 | AT26: TRUE | AU26: Random
A27: 26 | B27: 45862 | C27: PAYTM | F27: 1097.5 | G27: =IF(ISBLANK(O27), F27, (N27*F27+O27*P27+R27*S27)/(N27+P27+S27)) -> 1097.5 | H27: 1090 | J27: B | K27: =IFERROR(__xludf.DUMMYFUNCTION("IF(ISBLANK(C27), """", GOOGLEFINANCE(""NSE:"" & C27,""price""))"),1166.25) -> 1166.25 | L27: OSHL | M27: 6-8 M | N27: 50 | U27: =if(G27*N27<>0, F27*N27+O27*P27+R27*S27, "") -> 54875 | V27: =IFS(AND(B27>=DATE(2025,1,1), B27<=DATE(2025,1,31)), U27/DDashboard!$C$2, AND(B27>=DATE(2025,2,1), B27<=DATE(2025,2,28)), U27/DDashboard!$C$3, AND(B27>=DATE(2025,3,1), B27<=DATE(2025,3,31)), U27/DDashboard!$C$4, AND(B27>=DATE(2025,4,1), B27<=DATE(2025,4,30)), U27/DDashboard!$C$5,AND(B27>=DATE(2025,5,1), B27<=DATE(2025,5,31)), U27/DDashboard!$C$6,AND(B27>=DATE(2025,6,1), B27<=DATE(2025,6,30)), U27/DDashboard!$C$7,AND(B27>=DATE(2025,7,1), B27<=DATE(2025,7,31)), U27/DDashboard!$C$8,AND(B27>=DATE(2025,8,1), B27<=DATE(2025,8,31)), U27/DDashboard!$C$9,AND(B27>=DATE(2025,9,1), B27<=DATE(2025,9,30)), U27/DDashboard!$C$10,AND(B27>=DATE(2025,10,1), B27<=DATE(2025,10,31)), U27/DDashboard!$C$11,AND(B27>=DATE(2025,11,1), B27<=DATE(2025,11,30)), U27/DDashboard!$C$12, AND(B27>=DATE(2025,12,1), B27<=DATE(2025,12,31)), U27/DDashboard!$C$13, True, "") -> 0.054875 | W27: =IFS(ISBLANK(H27),"",AND(ISNUMBER(H27),J27="B"),(F27-H27)/F27,AND(ISNUMBER(H27), J27="S"),-(F27-H27)/F27) -> 0.006833713 | X27: 1106.7 | Y27: 50 | Z27: 45862 | AG27: =IF(N27+P27+S27-AH27<>0,N27+P27+S27-AH27,"") | AH27: =if(Y27+AB27+AE27<>0, Y27+AB27+AE27, "") -> 50 | AI27: =IF(ISBLANK(E27), IF(ISBLANK(X27), K27, IFERROR(IF(ISBLANK(C27),X27*Y27+AA27*AB27+AD27*AE27+AG27*K27,X27*Y27+AA27*AB27+AD27*AE27+AG27*G27)/(Y27+AB27+AE27+AG27) , "")),(X27*Y27+AA27*AB27+AD27*AE27+AG27*G27)/(Y27+AB27+AE27+AG27)) -> 1106.7 | AJ27: =IFERROR(IF(J27="B",(AI27-G27)/G27,(G27-AI27)/G27), "") -> 0.0083826879 | AK27: =IFERROR(IFS(AND(J27="B",ISBLANK(I27)),(G27-H27)*AG27,AND(J27="B",ISNUMBER(I27)),(G27-I27)*AG27,AND(J27="S",ISBLANK(I27)),(H27-G27)*AG27,AND(J27="S",ISNUMBER(I27)),(I27-G27)*AG27),"") -> 0 | AL27: =IFERROR(AJ27/W27, "") -> 1.2266667 | AM27: =IF(AN27="", "", IF(AN27="Closed", IF(ISNUMBER(AF27), AF27-B27,IF(ISNUMBER(AC27), AC27-B27,IF(ISNUMBER(Z27), Z27-B27, ""))), TODAY()-B27)) -> 0 | AN27: =IF(ISBLANK(N27), "", IF((N27+P27+S27-AH27)/N27=0, "Closed", (N27+P27+S27-AH27)/(N27+P27+S27))) -> Closed | AO27: =IFS(AND(ISBLANK(AF27),ISBLANK(AC27),AN27="Closed"),Z27, AND(ISBLANK(AF27),AN27="Closed", AC27<>""),AC27,AND(AN27="Closed", AF27<>""),AF27, AN27<>"Closed", "") -> 45862 | AP27: =IF(ISBLANK(N27), "", X27*Y27+AA27*AB27+AD27*AE27) -> 55335 | AQ27: =IFS(AND(ISBLANK(D27),N27<>"",AN27="Closed",J27="B"),(AH27*AI27)-U27,AND(ISBLANK(D27),N27<>"",AN27<>"Closed",J27="B"),(X27*Y27+AA27*AB27+AD27*AE27+K27*AG27)-U27, AND(ISBLANK(D27),N27<>"",AN27="Closed",J27="S"),U27-(AH27*AI27),AND(ISBLANK(D27),N27<>"",AN27<>"Closed",J27="S"),U27-(X27*Y27+AA27*AB27+AD27*AE27+K27*AG27),AND(D27<>"",N27<>"",AH27<>"",AN27="Closed",J27="B"),(AH27*AI27)-(G27*(AG27+AH27)),AND(D27<>"",N27<>"",AH27<>"",AN27="Closed",J27="S"),(G27*(AG27+AH27))-(AH27*AI27),AND(D27<>"",N27<>"",AN27<>"Closed"),"",ISBLANK(B27),"") -> 460 | AR27: =IFS(AND(B27>=DATE(2025,1,1), B27<=DATE(2025,1,31)), AQ27/DDashboard!$C$2, AND(B27>=DATE(2025,2,1), B27<=DATE(2025,2,28)), AQ27/DDashboard!$C$3, AND(B27>=DATE(2025,3,1), B27<=DATE(2025,3,31)), AQ27/DDashboard!$C$4, AND(B27>=DATE(2025,4,1), B27<=DATE(2025,4,30)), AQ27/DDashboard!$C$5,AND(B27>=DATE(2025,5,1), B27<=DATE(2025,5,31)), AQ27/DDashboard!$C$6,AND(B27>=DATE(2025,6,1), B27<=DATE(2025,6,30)), AQ27/DDashboard!$C$7,AND(B27>=DATE(2025,7,1), B27<=DATE(2025,7,31)), AQ27/DDashboard!$C$8,AND(B27>=DATE(2025,8,1), B27<=DATE(2025,8,31)), AQ27/DDashboard!$C$9,AND(B27>=DATE(2025,9,1), B27<=DATE(2025,9,30)), AQ27/DDashboard!$C$10,AND(B27>=DATE(2025,10,1), B27<=DATE(2025,10,31)), AQ27/DDashboard!$C$11,AND(B27>=DATE(2025,11,1), B27<=DATE(2025,11,30)), AQ27/DDashboard!$C$12, AND(B27>=DATE(2025,12,1), B27<=DATE(2025,12,31)), AQ27/DDashboard!$C$13, True, "") -> 0.00046 | AS27: {=IF(ISBLANK(C27), "", SUM($AR$9:AR27) )} -> -0.14128722 | AT27: FALSE | AU27: Random
A28: 27 | B28: 45862 | C28: SHYAMMETL | F28: 952 | G28: =IF(ISBLANK(O28), F28, (N28*F28+O28*P28+R28*S28)/(N28+P28+S28)) -> 952 | H28: 946 | J28: B | K28: =IFERROR(__xludf.DUMMYFUNCTION("IF(ISBLANK(C28), """", GOOGLEFINANCE(""NSE:"" & C28,""price""))"),821.0) -> 821 | L28: EP | N28: 50 | U28: =if(G28*N28<>0, F28*N28+O28*P28+R28*S28, "") -> 47600 | V28: =IFS(AND(B28>=DATE(2025,1,1), B28<=DATE(2025,1,31)), U28/DDashboard!$C$2, AND(B28>=DATE(2025,2,1), B28<=DATE(2025,2,28)), U28/DDashboard!$C$3, AND(B28>=DATE(2025,3,1), B28<=DATE(2025,3,31)), U28/DDashboard!$C$4, AND(B28>=DATE(2025,4,1), B28<=DATE(2025,4,30)), U28/DDashboard!$C$5,AND(B28>=DATE(2025,5,1), B28<=DATE(2025,5,31)), U28/DDashboard!$C$6,AND(B28>=DATE(2025,6,1), B28<=DATE(2025,6,30)), U28/DDashboard!$C$7,AND(B28>=DATE(2025,7,1), B28<=DATE(2025,7,31)), U28/DDashboard!$C$8,AND(B28>=DATE(2025,8,1), B28<=DATE(2025,8,31)), U28/DDashboard!$C$9,AND(B28>=DATE(2025,9,1), B28<=DATE(2025,9,30)), U28/DDashboard!$C$10,AND(B28>=DATE(2025,10,1), B28<=DATE(2025,10,31)), U28/DDashboard!$C$11,AND(B28>=DATE(2025,11,1), B28<=DATE(2025,11,30)), U28/DDashboard!$C$12, AND(B28>=DATE(2025,12,1), B28<=DATE(2025,12,31)), U28/DDashboard!$C$13, True, "") -> 0.0476 | W28: =IFS(ISBLANK(H28),"",AND(ISNUMBER(H28),J28="B"),(F28-H28)/F28,AND(ISNUMBER(H28), J28="S"),-(F28-H28)/F28) -> 0.006302521 | X28: 946 | Y28: 50 | Z28: 45862 | AG28: =IF(N28+P28+S28-AH28<>0,N28+P28+S28-AH28,"") | AH28: =if(Y28+AB28+AE28<>0, Y28+AB28+AE28, "") -> 50 | AI28: =IF(ISBLANK(E28), IF(ISBLANK(X28), K28, IFERROR(IF(ISBLANK(C28),X28*Y28+AA28*AB28+AD28*AE28+AG28*K28,X28*Y28+AA28*AB28+AD28*AE28+AG28*G28)/(Y28+AB28+AE28+AG28) , "")),(X28*Y28+AA28*AB28+AD28*AE28+AG28*G28)/(Y28+AB28+AE28+AG28)) -> 946 | AJ28: =IFERROR(IF(J28="B",(AI28-G28)/G28,(G28-AI28)/G28), "") -> -0.006302521 | AK28: =IFERROR(IFS(AND(J28="B",ISBLANK(I28)),(G28-H28)*AG28,AND(J28="B",ISNUMBER(I28)),(G28-I28)*AG28,AND(J28="S",ISBLANK(I28)),(H28-G28)*AG28,AND(J28="S",ISNUMBER(I28)),(I28-G28)*AG28),"") -> 0 | AL28: =IFERROR(AJ28/W28, "") -> -1 | AM28: =IF(AN28="", "", IF(AN28="Closed", IF(ISNUMBER(AF28), AF28-B28, IF(ISNUMBER(AC28), AC28-B28, IF(ISNUMBER(Z28), Z28-B28, "") ) ), TODAY()-B28)) -> 0 | AN28: =IF(ISBLANK(N28), "", IF((N28+P28+S28-AH28)/N28=0, "Closed", (N28+P28+S28-AH28)/(N28+P28+S28))) -> Closed | AO28: =IFS(AND(ISBLANK(AF28),ISBLANK(AC28),AN28="Closed"),Z28, AND(ISBLANK(AF28),AN28="Closed", AC28<>""),AC28,AND(AN28="Closed", AF28<>""),AF28, AN28<>"Closed", "") -> 45862 | AP28: =IF(ISBLANK(N28), "", X28*Y28+AA28*AB28+AD28*AE28) -> 47300 | AQ28: =IFS(AND(ISBLANK(D28),N28<>"",AN28="Closed",J28="B"),(AH28*AI28)-U28,AND(ISBLANK(D28),N28<>"",AN28<>"Closed",J28="B"),(X28*Y28+AA28*AB28+AD28*AE28+K28*AG28)-U28, AND(ISBLANK(D28),N28<>"",AN28="Closed",J28="S"),U28-(AH28*AI28),AND(ISBLANK(D28),N28<>"",AN28<>"Closed",J28="S"),U28-(X28*Y28+AA28*AB28+AD28*AE28+K28*AG28),AND(D28<>"",N28<>"",AH28<>"",AN28="Closed",J28="B"),(AH28*AI28)-(G28*(AG28+AH28)),AND(D28<>"",N28<>"",AH28<>"",AN28="Closed",J28="S"),(G28*(AG28+AH28))-(AH28*AI28),AND(D28<>"",N28<>"",AN28<>"Closed"),"",ISBLANK(B28),"") -> -300 | AR28: =IFS(AND(B28>=DATE(2025,1,1), B28<=DATE(2025,1,31)), AQ28/DDashboard!$C$2, AND(B28>=DATE(2025,2,1), B28<=DATE(2025,2,28)), AQ28/DDashboard!$C$3, AND(B28>=DATE(2025,3,1), B28<=DATE(2025,3,31)), AQ28/DDashboard!$C$4, AND(B28>=DATE(2025,4,1), B28<=DATE(2025,4,30)), AQ28/DDashboard!$C$5,AND(B28>=DATE(2025,5,1), B28<=DATE(2025,5,31)), AQ28/DDashboard!$C$6,AND(B28>=DATE(2025,6,1), B28<=DATE(2025,6,30)), AQ28/DDashboard!$C$7,AND(B28>=DATE(2025,7,1), B28<=DATE(2025,7,31)), AQ28/DDashboard!$C$8,AND(B28>=DATE(2025,8,1), B28<=DATE(2025,8,31)), AQ28/DDashboard!$C$9,AND(B28>=DATE(2025,9,1), B28<=DATE(2025,9,30)), AQ28/DDashboard!$C$10,AND(B28>=DATE(2025,10,1), B28<=DATE(2025,10,31)), AQ28/DDashboard!$C$11,AND(B28>=DATE(2025,11,1), B28<=DATE(2025,11,30)), AQ28/DDashboard!$C$12, AND(B28>=DATE(2025,12,1), B28<=DATE(2025,12,31)), AQ28/DDashboard!$C$13, True, "") -> -0.0003 | AS28: {=IF(ISBLANK(C28), "", SUM($AR$9:AR28) )} -> -0.14158722 | AT28: FALSE | AU28: Breakeven exit
A29: 28 | B29: 45862 | C29: COFORGE | F29: 1686 | G29: =IF(ISBLANK(O29), F29, (N29*F29+O29*P29+R29*S29)/(N29+P29+S29)) -> 1686 | H29: 1678 | J29: B | K29: =IFERROR(__xludf.DUMMYFUNCTION("IF(ISBLANK(C29), """", GOOGLEFINANCE(""NSE:"" & C29,""price""))"),1294.4) -> 1294.4 | L29: EP | N29: 50 | U29: =if(A29*N29<>0, F29*N29+O29*P29+R29*S29, "") -> 84300 | V29: =IFS(AND(B29>=DATE(2025,1,1), B29<=DATE(2025,1,31)), U29/DDashboard!$C$2, AND(B29>=DATE(2025,2,1), B29<=DATE(2025,2,28)), U29/DDashboard!$C$3, AND(B29>=DATE(2025,3,1), B29<=DATE(2025,3,31)), U29/DDashboard!$C$4, AND(B29>=DATE(2025,4,1), B29<=DATE(2025,4,30)), U29/DDashboard!$C$5,AND(B29>=DATE(2025,5,1), B29<=DATE(2025,5,31)), U29/DDashboard!$C$6,AND(B29>=DATE(2025,6,1), B29<=DATE(2025,6,30)), U29/DDashboard!$C$7,AND(B29>=DATE(2025,7,1), B29<=DATE(2025,7,31)), U29/DDashboard!$C$8,AND(B29>=DATE(2025,8,1), B29<=DATE(2025,8,31)), U29/DDashboard!$C$9,AND(B29>=DATE(2025,9,1), B29<=DATE(2025,9,30)), U29/DDashboard!$C$10,AND(B29>=DATE(2025,10,1), B29<=DATE(2025,10,31)), U29/DDashboard!$C$11,AND(B29>=DATE(2025,11,1), B29<=DATE(2025,11,30)), U29/DDashboard!$C$12, AND(B29>=DATE(2025,12,1), B29<=DATE(2025,12,31)), U29/DDashboard!$C$13, True, "") -> 0.0843 | W29: =IFS(ISBLANK(H29),"",AND(ISNUMBER(H29),J29="B"),(F29-H29)/F29,AND(ISNUMBER(H29), J29="S"),-(F29-H29)/F29) -> 0.0047449585 | X29: 1695.62 | Y29: 50 | Z29: 45862 | AG29: =IF(N29+P29+S29-AH29<>0,N29+P29+S29-AH29,"") | AH29: =if(Y29+AB29+AE29<>0, Y29+AB29+AE29, "") -> 50 | AI29: =IF(ISBLANK(E29), IF(ISBLANK(X29), K29, IFERROR(IF(ISBLANK(C29),X29*Y29+AA29*AB29+AD29*AE29+AG29*K29,X29*Y29+AA29*AB29+AD29*AE29+AG29*A29)/(Y29+AB29+AE29+AG29) , "")),(X29*Y29+AA29*AB29+AD29*AE29+AG29*A29)/(Y29+AB29+AE29+AG29)) -> 1695.62 | AJ29: =IFERROR(IF(J29="B",(AI29-G29)/G29,(G29-AI29)/G29), "") -> 0.0057058126 | AK29: =IFERROR(IFS(AND(J29="B",ISBLANK(I29)),(A29-H29)*AG29,AND(J29="B",ISNUMBER(I29)),(A29-I29)*AG29,AND(J29="S",ISBLANK(I29)),(H29-A29)*AG29,AND(J29="S",ISNUMBER(I29)),(I29-A29)*AG29),"") -> 0 | AL29: =IFERROR(AJ29/W29, "") -> 1.2025 | AM29: =IF(AN29="", "", IF(AN29="Closed", IF(ISNUMBER(AF29), AF29-B29,IF(ISNUMBER(AC29), AC29-B29,IF(ISNUMBER(Z29), Z29-B29, ""))), TODAY()-B29)) -> 0 | AN29: =IF(ISBLANK(N29), "", IF((N29+P29+S29-AH29)/N29=0, "Closed", (N29+P29+S29-AH29)/(N29+P29+S29))) -> Closed | AO29: =IFS(AND(ISBLANK(AF29),ISBLANK(AC29),AN29="Closed"),Z29, AND(ISBLANK(AF29),AN29="Closed", AC29<>""),AC29,AND(AN29="Closed", AF29<>""),AF29, AN29<>"Closed", "") -> 45862 | AP29: =IF(ISBLANK(N29), "", X29*Y29+AA29*AB29+AD29*AE29) -> 84781 | AQ29: =IFS(AND(ISBLANK(D29),N29<>"",AN29="Closed",J29="B"),(AH29*AI29)-U29,AND(ISBLANK(D29),N29<>"",AN29<>"Closed",J29="B"),(X29*Y29+AA29*AB29+AD29*AE29+K29*AG29)-U29, AND(ISBLANK(D29),N29<>"",AN29="Closed",J29="S"),U29-(AH29*AI29),AND(ISBLANK(D29),N29<>"",AN29<>"Closed",J29="S"),U29-(X29*Y29+AA29*AB29+AD29*AE29+K29*AG29),AND(D29<>"",N29<>"",AH29<>"",AN29="Closed",J29="B"),(AH29*AI29)-(A29*(AG29+AH29)),AND(D29<>"",N29<>"",AH29<>"",AN29="Closed",J29="S"),(A29*(AG29+AH29))-(AH29*AI29),AND(D29<>"",N29<>"",AN29<>"Closed"),"",ISBLANK(B29),"") -> 481 | AR29: =IFS(AND(B29>=DATE(2025,1,1), B29<=DATE(2025,1,31)), AQ29/DDashboard!$C$2, AND(B29>=DATE(2025,2,1), B29<=DATE(2025,2,28)), AQ29/DDashboard!$C$3, AND(B29>=DATE(2025,3,1), B29<=DATE(2025,3,31)), AQ29/DDashboard!$C$4, AND(B29>=DATE(2025,4,1), B29<=DATE(2025,4,30)), AQ29/DDashboard!$C$5,AND(B29>=DATE(2025,5,1), B29<=DATE(2025,5,31)), AQ29/DDashboard!$C$6,AND(B29>=DATE(2025,6,1), B29<=DATE(2025,6,30)), AQ29/DDashboard!$C$7,AND(B29>=DATE(2025,7,1), B29<=DATE(2025,7,31)), AQ29/DDashboard!$C$8,AND(B29>=DATE(2025,8,1), B29<=DATE(2025,8,31)), AQ29/DDashboard!$C$9,AND(B29>=DATE(2025,9,1), B29<=DATE(2025,9,30)), AQ29/DDashboard!$C$10,AND(B29>=DATE(2025,10,1), B29<=DATE(2025,10,31)), AQ29/DDashboard!$C$11,AND(B29>=DATE(2025,11,1), B29<=DATE(2025,11,30)), AQ29/DDashboard!$C$12, AND(B29>=DATE(2025,12,1), B29<=DATE(2025,12,31)), AQ29/DDashboard!$C$13, True, "") -> 0.000481 | AS29: {=IF(ISBLANK(C29), "", SUM($AR$9:AR29) )} -> -0.14110622 | AT29: TRUE | AU29: Target
A30: 29 | B30: 45862 | C30: POCL | F30: 1070 | G30: =IF(ISBLANK(O30), F30, (N30*F30+O30*P30+R30*S30)/(N30+P30+S30)) -> 1070 | H30: 1065 | J30: B | K30: =IFERROR(__xludf.DUMMYFUNCTION("IF(ISBLANK(C30), """", GOOGLEFINANCE(""NSE:"" & C30,""price""))"),1182.9) -> 1182.9 | L30: EP | N30: 50 | U30: =if(G30*N30<>0, F30*N30+O30*P30+R30*S30, "") -> 53500 | V30: =IFS(AND(B30>=DATE(2025,1,1), B30<=DATE(2025,1,31)), U30/DDashboard!$C$2, AND(B30>=DATE(2025,2,1), B30<=DATE(2025,2,28)), U30/DDashboard!$C$3, AND(B30>=DATE(2025,3,1), B30<=DATE(2025,3,31)), U30/DDashboard!$C$4, AND(B30>=DATE(2025,4,1), B30<=DATE(2025,4,30)), U30/DDashboard!$C$5,AND(B30>=DATE(2025,5,1), B30<=DATE(2025,5,31)), U30/DDashboard!$C$6,AND(B30>=DATE(2025,6,1), B30<=DATE(2025,6,30)), U30/DDashboard!$C$7,AND(B30>=DATE(2025,7,1), B30<=DATE(2025,7,31)), U30/DDashboard!$C$8,AND(B30>=DATE(2025,8,1), B30<=DATE(2025,8,31)), U30/DDashboard!$C$9,AND(B30>=DATE(2025,9,1), B30<=DATE(2025,9,30)), U30/DDashboard!$C$10,AND(B30>=DATE(2025,10,1), B30<=DATE(2025,10,31)), U30/DDashboard!$C$11,AND(B30>=DATE(2025,11,1), B30<=DATE(2025,11,30)), U30/DDashboard!$C$12, AND(B30>=DATE(2025,12,1), B30<=DATE(2025,12,31)), U30/DDashboard!$C$13, True, "") -> 0.0535 | W30: =IFS(ISBLANK(H30),"",AND(ISNUMBER(H30),J30="B"),(F30-H30)/F30,AND(ISNUMBER(H30), J30="S"),-(F30-H30)/F30) -> 0.0046728972 | X30: 1081 | Y30: 50 | Z30: 45862 | AG30: =IF(N30+P30+S30-AH30<>0,N30+P30+S30-AH30,"") | AH30: =if(Y30+AB30+AE30<>0, Y30+AB30+AE30, "") -> 50 | AI30: =IF(ISBLANK(E30), IF(ISBLANK(X30), K30, IFERROR(IF(ISBLANK(C30),X30*Y30+AA30*AB30+AD30*AE30+AG30*K30,X30*Y30+AA30*AB30+AD30*AE30+AG30*G30)/(Y30+AB30+AE30+AG30) , "")),(X30*Y30+AA30*AB30+AD30*AE30+AG30*G30)/(Y30+AB30+AE30+AG30)) -> 1081 | AJ30: =IFERROR(IF(J30="B",(AI30-G30)/G30,(G30-AI30)/G30), "") -> 0.010280374 | AK30: =IFERROR(IFS(AND(J30="B",ISBLANK(I30)),(G30-H30)*AG30,AND(J30="B",ISNUMBER(I30)),(G30-I30)*AG30,AND(J30="S",ISBLANK(I30)),(H30-G30)*AG30,AND(J30="S",ISNUMBER(I30)),(I30-G30)*AG30),"") -> 0 | AL30: =IFERROR(AJ30/W30, "") -> 2.2 | AM30: =IF(AN30="", "", IF(AN30="Closed", IF(ISNUMBER(AF30), AF30-B30, IF(ISNUMBER(AC30), AC30-B30, IF(ISNUMBER(Z30), Z30-B30, "") ) ), TODAY()-B30)) -> 0 | AN30: =IF(ISBLANK(N30), "", IF((N30+P30+S30-AH30)/N30=0, "Closed", (N30+P30+S30-AH30)/(N30+P30+S30))) -> Closed | AO30: =IFS(AND(ISBLANK(AF30),ISBLANK(AC30),AN30="Closed"),Z30, AND(ISBLANK(AF30),AN30="Closed", AC30<>""),AC30,AND(AN30="Closed", AF30<>""),AF30, AN30<>"Closed", "") -> 45862 | AP30: =IF(ISBLANK(N30), "", X30*Y30+AA30*AB30+AD30*AE30) -> 54050 | AQ30: =IFS(AND(ISBLANK(D30),N30<>"",AN30="Closed",J30="B"),(AH30*AI30)-U30,AND(ISBLANK(D30),N30<>"",AN30<>"Closed",J30="B"),(X30*Y30+AA30*AB30+AD30*AE30+K30*AG30)-U30, AND(ISBLANK(D30),N30<>"",AN30="Closed",J30="S"),U30-(AH30*AI30),AND(ISBLANK(D30),N30<>"",AN30<>"Closed",J30="S"),U30-(X30*Y30+AA30*AB30+AD30*AE30+K30*AG30),AND(D30<>"",N30<>"",AH30<>"",AN30="Closed",J30="B"),(AH30*AI30)-(G30*(AG30+AH30)),AND(D30<>"",N30<>"",AH30<>"",AN30="Closed",J30="S"),(G30*(AG30+AH30))-(AH30*AI30),AND(D30<>"",N30<>"",AN30<>"Closed"),"",ISBLANK(B30),"") -> 550 | AR30: =IFS(AND(B30>=DATE(2025,1,1), B30<=DATE(2025,1,31)), AQ30/DDashboard!$C$2, AND(B30>=DATE(2025,2,1), B30<=DATE(2025,2,28)), AQ30/DDashboard!$C$3, AND(B30>=DATE(2025,3,1), B30<=DATE(2025,3,31)), AQ30/DDashboard!$C$4, AND(B30>=DATE(2025,4,1), B30<=DATE(2025,4,30)), AQ30/DDashboard!$C$5,AND(B30>=DATE(2025,5,1), B30<=DATE(2025,5,31)), AQ30/DDashboard!$C$6,AND(B30>=DATE(2025,6,1), B30<=DATE(2025,6,30)), AQ30/DDashboard!$C$7,AND(B30>=DATE(2025,7,1), B30<=DATE(2025,7,31)), AQ30/DDashboard!$C$8,AND(B30>=DATE(2025,8,1), B30<=DATE(2025,8,31)), AQ30/DDashboard!$C$9,AND(B30>=DATE(2025,9,1), B30<=DATE(2025,9,30)), AQ30/DDashboard!$C$10,AND(B30>=DATE(2025,10,1), B30<=DATE(2025,10,31)), AQ30/DDashboard!$C$11,AND(B30>=DATE(2025,11,1), B30<=DATE(2025,11,30)), AQ30/DDashboard!$C$12, AND(B30>=DATE(2025,12,1), B30<=DATE(2025,12,31)), AQ30/DDashboard!$C$13, True, "") -> 0.00055 | AS30: {=IF(ISBLANK(C30), "", SUM($AR$9:AR30) )} -> -0.14055622 | AT30: FALSE | AU30: Breakeven exit | AW30: Illogical SL
A31: 30 | B31: 45863 | C31: CYIENT | F31: 1290 | G31: =IF(ISBLANK(O31), F31, (N31*F31+O31*P31+R31*S31)/(N31+P31+S31)) -> 1290 | H31: 1300 | J31: S | K31: =IFERROR(__xludf.DUMMYFUNCTION("IF(ISBLANK(C31), """", GOOGLEFINANCE(""NSE:"" & C31,""price""))"),956.6) -> 956.6 | L31: EP | N31: 125 | U31: =if(G31*N31<>0, F31*N31+O31*P31+R31*S31, "") -> 161250 | V31: =IFS(AND(B31>=DATE(2025,1,1), B31<=DATE(2025,1,31)), U31/DDashboard!$C$2, AND(B31>=DATE(2025,2,1), B31<=DATE(2025,2,28)), U31/DDashboard!$C$3, AND(B31>=DATE(2025,3,1), B31<=DATE(2025,3,31)), U31/DDashboard!$C$4, AND(B31>=DATE(2025,4,1), B31<=DATE(2025,4,30)), U31/DDashboard!$C$5,AND(B31>=DATE(2025,5,1), B31<=DATE(2025,5,31)), U31/DDashboard!$C$6,AND(B31>=DATE(2025,6,1), B31<=DATE(2025,6,30)), U31/DDashboard!$C$7,AND(B31>=DATE(2025,7,1), B31<=DATE(2025,7,31)), U31/DDashboard!$C$8,AND(B31>=DATE(2025,8,1), B31<=DATE(2025,8,31)), U31/DDashboard!$C$9,AND(B31>=DATE(2025,9,1), B31<=DATE(2025,9,30)), U31/DDashboard!$C$10,AND(B31>=DATE(2025,10,1), B31<=DATE(2025,10,31)), U31/DDashboard!$C$11,AND(B31>=DATE(2025,11,1), B31<=DATE(2025,11,30)), U31/DDashboard!$C$12, AND(B31>=DATE(2025,12,1), B31<=DATE(2025,12,31)), U31/DDashboard!$C$13, True, "") -> 0.16125 | W31: =IFS(ISBLANK(H31),"",AND(ISNUMBER(H31),J31="B"),(F31-H31)/F31,AND(ISNUMBER(H31), J31="S"),-(F31-H31)/F31) -> 0.007751938 | X31: 1283 | Y31: 125 | Z31: 45863 | AG31: =IF(N31+P31+S31-AH31<>0,N31+P31+S31-AH31,"") | AH31: =if(Y31+AB31+AE31<>0, Y31+AB31+AE31, "") -> 125 | AI31: =IF(ISBLANK(E31), IF(ISBLANK(X31), K31, IFERROR(IF(ISBLANK(C31),X31*Y31+AA31*AB31+AD31*AE31+AG31*K31,X31*Y31+AA31*AB31+AD31*AE31+AG31*G31)/(Y31+AB31+AE31+AG31) , "")),(X31*Y31+AA31*AB31+AD31*AE31+AG31*G31)/(Y31+AB31+AE31+AG31)) -> 1283 | AJ31: =IFERROR(IF(J31="B",(AI31-G31)/G31,(G31-AI31)/G31), "") -> 0.0054263566 | AK31: =IFERROR(IFS(AND(J31="B",ISBLANK(I31)),(G31-H31)*AG31,AND(J31="B",ISNUMBER(I31)),(G31-I31)*AG31,AND(J31="S",ISBLANK(I31)),(H31-G31)*AG31,AND(J31="S",ISNUMBER(I31)),(I31-G31)*AG31),"") -> 0 | AL31: =IFERROR(AJ31/W31, "") -> 0.7 | AM31: =IF(AN31="", "", IF(AN31="Closed", IF(ISNUMBER(AF31), AF31-B31,IF(ISNUMBER(AC31), AC31-B31,IF(ISNUMBER(Z31), Z31-B31, ""))), TODAY()-B31)) -> 0 | AN31: =IF(ISBLANK(N31), "", IF((N31+P31+S31-AH31)/N31=0, "Closed", (N31+P31+S31-AH31)/(N31+P31+S31))) -> Closed | AO31: =IFS(AND(ISBLANK(AF31),ISBLANK(AC31),AN31="Closed"),Z31, AND(ISBLANK(AF31),AN31="Closed", AC31<>""),AC31,AND(AN31="Closed", AF31<>""),AF31, AN31<>"Closed", "") -> 45863 | AP31: =IF(ISBLANK(N31), "", X31*Y31+AA31*AB31+AD31*AE31) -> 160375 | AQ31: =IFS(AND(ISBLANK(D31),N31<>"",AN31="Closed",J31="B"),(AH31*AI31)-U31,AND(ISBLANK(D31),N31<>"",AN31<>"Closed",J31="B"),(X31*Y31+AA31*AB31+AD31*AE31+K31*AG31)-U31, AND(ISBLANK(D31),N31<>"",AN31="Closed",J31="S"),U31-(AH31*AI31),AND(ISBLANK(D31),N31<>"",AN31<>"Closed",J31="S"),U31-(X31*Y31+AA31*AB31+AD31*AE31+K31*AG31),AND(D31<>"",N31<>"",AH31<>"",AN31="Closed",J31="B"),(AH31*AI31)-(G31*(AG31+AH31)),AND(D31<>"",N31<>"",AH31<>"",AN31="Closed",J31="S"),(G31*(AG31+AH31))-(AH31*AI31),AND(D31<>"",N31<>"",AN31<>"Closed"),"",ISBLANK(B31),"") -> 875 | AR31: =IFS(AND(B31>=DATE(2025,1,1), B31<=DATE(2025,1,31)), AQ31/DDashboard!$C$2, AND(B31>=DATE(2025,2,1), B31<=DATE(2025,2,28)), AQ31/DDashboard!$C$3, AND(B31>=DATE(2025,3,1), B31<=DATE(2025,3,31)), AQ31/DDashboard!$C$4, AND(B31>=DATE(2025,4,1), B31<=DATE(2025,4,30)), AQ31/DDashboard!$C$5,AND(B31>=DATE(2025,5,1), B31<=DATE(2025,5,31)), AQ31/DDashboard!$C$6,AND(B31>=DATE(2025,6,1), B31<=DATE(2025,6,30)), AQ31/DDashboard!$C$7,AND(B31>=DATE(2025,7,1), B31<=DATE(2025,7,31)), AQ31/DDashboard!$C$8,AND(B31>=DATE(2025,8,1), B31<=DATE(2025,8,31)), AQ31/DDashboard!$C$9,AND(B31>=DATE(2025,9,1), B31<=DATE(2025,9,30)), AQ31/DDashboard!$C$10,AND(B31>=DATE(2025,10,1), B31<=DATE(2025,10,31)), AQ31/DDashboard!$C$11,AND(B31>=DATE(2025,11,1), B31<=DATE(2025,11,30)), AQ31/DDashboard!$C$12, AND(B31>=DATE(2025,12,1), B31<=DATE(2025,12,31)), AQ31/DDashboard!$C$13, True, "") -> 0.000875 | AS31: {=IF(ISBLANK(C31), "", SUM($AR$9:AR31) )} -> -0.13968122 | AT31: FALSE | AU31: Random
A32: 31 | B32: 45868 | C32: DIXON | F32: 16830 | G32: =IF(ISBLANK(O32), F32, (N32*F32+O32*P32+R32*S32)/(N32+P32+S32)) -> 16801.5 | H32: 16730 | J32: B | K32: =IFERROR(__xludf.DUMMYFUNCTION("IF(ISBLANK(C32), """", GOOGLEFINANCE(""NSE:"" & C32,""price""))"),11271.0) -> 11271 | L32: OSHL | N32: 20 | O32: 16773 | P32: 20 | Q32: 45868 | U32: =if(G32*N32<>0, F32*N32+O32*P32+R32*S32, "") -> 672060 | V32: =IFS(AND(B32>=DATE(2025,1,1), B32<=DATE(2025,1,31)), U32/DDashboard!$C$2, AND(B32>=DATE(2025,2,1), B32<=DATE(2025,2,28)), U32/DDashboard!$C$3, AND(B32>=DATE(2025,3,1), B32<=DATE(2025,3,31)), U32/DDashboard!$C$4, AND(B32>=DATE(2025,4,1), B32<=DATE(2025,4,30)), U32/DDashboard!$C$5,AND(B32>=DATE(2025,5,1), B32<=DATE(2025,5,31)), U32/DDashboard!$C$6,AND(B32>=DATE(2025,6,1), B32<=DATE(2025,6,30)), U32/DDashboard!$C$7,AND(B32>=DATE(2025,7,1), B32<=DATE(2025,7,31)), U32/DDashboard!$C$8,AND(B32>=DATE(2025,8,1), B32<=DATE(2025,8,31)), U32/DDashboard!$C$9,AND(B32>=DATE(2025,9,1), B32<=DATE(2025,9,30)), U32/DDashboard!$C$10,AND(B32>=DATE(2025,10,1), B32<=DATE(2025,10,31)), U32/DDashboard!$C$11,AND(B32>=DATE(2025,11,1), B32<=DATE(2025,11,30)), U32/DDashboard!$C$12, AND(B32>=DATE(2025,12,1), B32<=DATE(2025,12,31)), U32/DDashboard!$C$13, True, "") -> 0.67206 | W32: =IFS(ISBLANK(H32),"",AND(ISNUMBER(H32),J32="B"),(F32-H32)/F32,AND(ISNUMBER(H32), J32="S"),-(F32-H32)/F32) -> 0.0059417706 | X32: 16725 | Y32: 40 | Z32: 45868 | AG32: =IF(N32+P32+S32-AH32<>0,N32+P32+S32-AH32,"") | AH32: =if(Y32+AB32+AE32<>0, Y32+AB32+AE32, "") -> 40 | AI32: =IF(ISBLANK(E32), IF(ISBLANK(X32), K32, IFERROR(IF(ISBLANK(C32),X32*Y32+AA32*AB32+AD32*AE32+AG32*K32,X32*Y32+AA32*AB32+AD32*AE32+AG32*G32)/(Y32+AB32+AE32+AG32) , "")),(X32*Y32+AA32*AB32+AD32*AE32+AG32*G32)/(Y32+AB32+AE32+AG32)) -> 16725 | AJ32: =IFERROR(IF(J32="B",(AI32-G32)/G32,(G32-AI32)/G32), "") -> -0.0045531649 | AK32: =IFERROR(IFS(AND(J32="B",ISBLANK(I32)),(G32-H32)*AG32,AND(J32="B",ISNUMBER(I32)),(G32-I32)*AG32,AND(J32="S",ISBLANK(I32)),(H32-G32)*AG32,AND(J32="S",ISNUMBER(I32)),(I32-G32)*AG32),"") -> 0 | AL32: =IFERROR(AJ32/W32, "") -> -0.76629765 | AM32: =IF(AN32="", "", IF(AN32="Closed", IF(ISNUMBER(AF32), AF32-B32, IF(ISNUMBER(AC32), AC32-B32, IF(ISNUMBER(Z32), Z32-B32, "") ) ), TODAY()-B32)) -> 0 | AN32: =IF(ISBLANK(N32), "", IF((N32+P32+S32-AH32)/N32=0, "Closed", (N32+P32+S32-AH32)/(N32+P32+S32))) -> Closed | AO32: =IFS(AND(ISBLANK(AF32),ISBLANK(AC32),AN32="Closed"),Z32, AND(ISBLANK(AF32),AN32="Closed", AC32<>""),AC32,AND(AN32="Closed", AF32<>""),AF32, AN32<>"Closed", "") -> 45868 | AP32: =IF(ISBLANK(N32), "", X32*Y32+AA32*AB32+AD32*AE32) -> 669000 | AQ32: =IFS(AND(ISBLANK(D32),N32<>"",AN32="Closed",J32="B"),(AH32*AI32)-U32,AND(ISBLANK(D32),N32<>"",AN32<>"Closed",J32="B"),(X32*Y32+AA32*AB32+AD32*AE32+K32*AG32)-U32, AND(ISBLANK(D32),N32<>"",AN32="Closed",J32="S"),U32-(AH32*AI32),AND(ISBLANK(D32),N32<>"",AN32<>"Closed",J32="S"),U32-(X32*Y32+AA32*AB32+AD32*AE32+K32*AG32),AND(D32<>"",N32<>"",AH32<>"",AN32="Closed",J32="B"),(AH32*AI32)-(G32*(AG32+AH32)),AND(D32<>"",N32<>"",AH32<>"",AN32="Closed",J32="S"),(G32*(AG32+AH32))-(AH32*AI32),AND(D32<>"",N32<>"",AN32<>"Closed"),"",ISBLANK(B32),"") -> -3060 | AR32: =IFS(AND(B32>=DATE(2025,1,1), B32<=DATE(2025,1,31)), AQ32/DDashboard!$C$2, AND(B32>=DATE(2025,2,1), B32<=DATE(2025,2,28)), AQ32/DDashboard!$C$3, AND(B32>=DATE(2025,3,1), B32<=DATE(2025,3,31)), AQ32/DDashboard!$C$4, AND(B32>=DATE(2025,4,1), B32<=DATE(2025,4,30)), AQ32/DDashboard!$C$5,AND(B32>=DATE(2025,5,1), B32<=DATE(2025,5,31)), AQ32/DDashboard!$C$6,AND(B32>=DATE(2025,6,1), B32<=DATE(2025,6,30)), AQ32/DDashboard!$C$7,AND(B32>=DATE(2025,7,1), B32<=DATE(2025,7,31)), AQ32/DDashboard!$C$8,AND(B32>=DATE(2025,8,1), B32<=DATE(2025,8,31)), AQ32/DDashboard!$C$9,AND(B32>=DATE(2025,9,1), B32<=DATE(2025,9,30)), AQ32/DDashboard!$C$10,AND(B32>=DATE(2025,10,1), B32<=DATE(2025,10,31)), AQ32/DDashboard!$C$11,AND(B32>=DATE(2025,11,1), B32<=DATE(2025,11,30)), AQ32/DDashboard!$C$12, AND(B32>=DATE(2025,12,1), B32<=DATE(2025,12,31)), AQ32/DDashboard!$C$13, True, "") -> -0.00306 | AS32: {=IF(ISBLANK(C32), "", SUM($AR$9:AR32) )} -> -0.14274122 | AT32: FALSE | AU32: Setup Failed | AW32: FOMO
A33: 32 | B33: 45868 | C33: DIXON AUG 17000 | E33: CE | F33: 560 | G33: =IF(ISBLANK(O33), F33, (N33*F33+O33*P33+R33*S33)/(N33+P33+S33)) -> 560 | H33: 540 | J33: B | K33: =IFERROR(__xludf.DUMMYFUNCTION("IF(ISBLANK(C33), """", GOOGLEFINANCE(""NSE:"" & C33,""price""))"),"#N/A") -> #N/A | L33: No Setup | N33: 50 | U33: =if(G33*N33<>0, F33*N33+O33*P33+R33*S33, "") -> 28000 | V33: =IFS(AND(B33>=DATE(2025,1,1), B33<=DATE(2025,1,31)), U33/DDashboard!$C$2, AND(B33>=DATE(2025,2,1), B33<=DATE(2025,2,28)), U33/DDashboard!$C$3, AND(B33>=DATE(2025,3,1), B33<=DATE(2025,3,31)), U33/DDashboard!$C$4, AND(B33>=DATE(2025,4,1), B33<=DATE(2025,4,30)), U33/DDashboard!$C$5,AND(B33>=DATE(2025,5,1), B33<=DATE(2025,5,31)), U33/DDashboard!$C$6,AND(B33>=DATE(2025,6,1), B33<=DATE(2025,6,30)), U33/DDashboard!$C$7,AND(B33>=DATE(2025,7,1), B33<=DATE(2025,7,31)), U33/DDashboard!$C$8,AND(B33>=DATE(2025,8,1), B33<=DATE(2025,8,31)), U33/DDashboard!$C$9,AND(B33>=DATE(2025,9,1), B33<=DATE(2025,9,30)), U33/DDashboard!$C$10,AND(B33>=DATE(2025,10,1), B33<=DATE(2025,10,31)), U33/DDashboard!$C$11,AND(B33>=DATE(2025,11,1), B33<=DATE(2025,11,30)), U33/DDashboard!$C$12, AND(B33>=DATE(2025,12,1), B33<=DATE(2025,12,31)), U33/DDashboard!$C$13, True, "") -> 0.028 | W33: =IFS(ISBLANK(H33),"",AND(ISNUMBER(H33),J33="B"),(F33-H33)/F33,AND(ISNUMBER(H33), J33="S"),-(F33-H33)/F33) -> 0.035714286 | X33: 540 | Y33: 50 | Z33: 45868 | AG33: =IF(N33+P33+S33-AH33<>0,N33+P33+S33-AH33,"") | AH33: =if(Y33+AB33+AE33<>0, Y33+AB33+AE33, "") -> 50 | AI33: =IF(ISBLANK(E33), IF(ISBLANK(X33), K33, IFERROR(IF(ISBLANK(C33),X33*Y33+AA33*AB33+AD33*AE33+AG33*K33,X33*Y33+AA33*AB33+AD33*AE33+AG33*G33)/(Y33+AB33+AE33+AG33) , "")),(X33*Y33+AA33*AB33+AD33*AE33+AG33*G33)/(Y33+AB33+AE33+AG33)) -> 540 | AJ33: =IFERROR(IF(J33="B",(AI33-G33)/G33,(G33-AI33)/G33), "") -> -0.035714286 | AK33: =IFERROR(IFS(AND(J33="B",ISBLANK(I33)),(G33-H33)*AG33,AND(J33="B",ISNUMBER(I33)),(G33-I33)*AG33,AND(J33="S",ISBLANK(I33)),(H33-G33)*AG33,AND(J33="S",ISNUMBER(I33)),(I33-G33)*AG33),"") -> 0 | AL33: =IFERROR(AJ33/W33, "") -> -1 | AM33: =IF(AN33="", "", IF(AN33="Closed", IF(ISNUMBER(AF33), AF33-B33,IF(ISNUMBER(AC33), AC33-B33,IF(ISNUMBER(Z33), Z33-B33, ""))), TODAY()-B33)) -> 0 | AN33: =IF(ISBLANK(N33), "", IF((N33+P33+S33-AH33)/N33=0, "Closed", (N33+P33+S33-AH33)/(N33+P33+S33))) -> Closed | AO33: =IFS(AND(ISBLANK(AF33),ISBLANK(AC33),AN33="Closed"),Z33, AND(ISBLANK(AF33),AN33="Closed", AC33<>""),AC33,AND(AN33="Closed", AF33<>""),AF33, AN33<>"Closed", "") -> 45868 | AP33: =IF(ISBLANK(N33), "", X33*Y33+AA33*AB33+AD33*AE33) -> 27000 | AQ33: =IFS(AND(ISBLANK(D33),N33<>"",AN33="Closed",J33="B"),(AH33*AI33)-U33,AND(ISBLANK(D33),N33<>"",AN33<>"Closed",J33="B"),(X33*Y33+AA33*AB33+AD33*AE33+K33*AG33)-U33, AND(ISBLANK(D33),N33<>"",AN33="Closed",J33="S"),U33-(AH33*AI33),AND(ISBLANK(D33),N33<>"",AN33<>"Closed",J33="S"),U33-(X33*Y33+AA33*AB33+AD33*AE33+K33*AG33),AND(D33<>"",N33<>"",AH33<>"",AN33="Closed",J33="B"),(AH33*AI33)-(G33*(AG33+AH33)),AND(D33<>"",N33<>"",AH33<>"",AN33="Closed",J33="S"),(G33*(AG33+AH33))-(AH33*AI33),AND(D33<>"",N33<>"",AN33<>"Closed"),"",ISBLANK(B33),"") -> -1000 | AR33: =IFS(AND(B33>=DATE(2025,1,1), B33<=DATE(2025,1,31)), AQ33/DDashboard!$C$2, AND(B33>=DATE(2025,2,1), B33<=DATE(2025,2,28)), AQ33/DDashboard!$C$3, AND(B33>=DATE(2025,3,1), B33<=DATE(2025,3,31)), AQ33/DDashboard!$C$4, AND(B33>=DATE(2025,4,1), B33<=DATE(2025,4,30)), AQ33/DDashboard!$C$5,AND(B33>=DATE(2025,5,1), B33<=DATE(2025,5,31)), AQ33/DDashboard!$C$6,AND(B33>=DATE(2025,6,1), B33<=DATE(2025,6,30)), AQ33/DDashboard!$C$7,AND(B33>=DATE(2025,7,1), B33<=DATE(2025,7,31)), AQ33/DDashboard!$C$8,AND(B33>=DATE(2025,8,1), B33<=DATE(2025,8,31)), AQ33/DDashboard!$C$9,AND(B33>=DATE(2025,9,1), B33<=DATE(2025,9,30)), AQ33/DDashboard!$C$10,AND(B33>=DATE(2025,10,1), B33<=DATE(2025,10,31)), AQ33/DDashboard!$C$11,AND(B33>=DATE(2025,11,1), B33<=DATE(2025,11,30)), AQ33/DDashboard!$C$12, AND(B33>=DATE(2025,12,1), B33<=DATE(2025,12,31)), AQ33/DDashboard!$C$13, True, "") -> -0.001 | AS33: {=IF(ISBLANK(C33), "", SUM($AR$9:AR33) )} -> -0.14374122 | AT33: FALSE | AU33: Setup Failed | AW33: FOMO
A34: 33 | B34: 45868 | C34: DIXON!2 | F34: 17800 | G34: =IF(ISBLANK(O34), F34, (N34*F34+O34*P34+R34*S34)/(N34+P34+S34)) -> 17800 | H34: 17750 | J34: B | K34: =IFERROR(__xludf.DUMMYFUNCTION("IF(ISBLANK(C34), """", GOOGLEFINANCE(""NSE:"" & C34,""price""))"),"#N/A") -> #N/A | L34: No Setup | N34: 50 | U34: =if(G34*N34<>0, F34*N34+O34*P34+R34*S34, "") -> 890000 | V34: =IFS(AND(B34>=DATE(2025,1,1), B34<=DATE(2025,1,31)), U34/DDashboard!$C$2, AND(B34>=DATE(2025,2,1), B34<=DATE(2025,2,28)), U34/DDashboard!$C$3, AND(B34>=DATE(2025,3,1), B34<=DATE(2025,3,31)), U34/DDashboard!$C$4, AND(B34>=DATE(2025,4,1), B34<=DATE(2025,4,30)), U34/DDashboard!$C$5,AND(B34>=DATE(2025,5,1), B34<=DATE(2025,5,31)), U34/DDashboard!$C$6,AND(B34>=DATE(2025,6,1), B34<=DATE(2025,6,30)), U34/DDashboard!$C$7,AND(B34>=DATE(2025,7,1), B34<=DATE(2025,7,31)), U34/DDashboard!$C$8,AND(B34>=DATE(2025,8,1), B34<=DATE(2025,8,31)), U34/DDashboard!$C$9,AND(B34>=DATE(2025,9,1), B34<=DATE(2025,9,30)), U34/DDashboard!$C$10,AND(B34>=DATE(2025,10,1), B34<=DATE(2025,10,31)), U34/DDashboard!$C$11,AND(B34>=DATE(2025,11,1), B34<=DATE(2025,11,30)), U34/DDashboard!$C$12, AND(B34>=DATE(2025,12,1), B34<=DATE(2025,12,31)), U34/DDashboard!$C$13, True, "") -> 0.89 | W34: =IFS(ISBLANK(H34),"",AND(ISNUMBER(H34),J34="B"),(F34-H34)/F34,AND(ISNUMBER(H34), J34="S"),-(F34-H34)/F34) -> 0.0028089888 | X34: 17750 | Y34: 50 | Z34: 45868 | AG34: =IF(N34+P34+S34-AH34<>0,N34+P34+S34-AH34,"") | AH34: =if(Y34+AB34+AE34<>0, Y34+AB34+AE34, "") -> 50 | AI34: =IF(ISBLANK(E34), IF(ISBLANK(X34), K34, IFERROR(IF(ISBLANK(C34),X34*Y34+AA34*AB34+AD34*AE34+AG34*K34,X34*Y34+AA34*AB34+AD34*AE34+AG34*G34)/(Y34+AB34+AE34+AG34) , "")),(X34*Y34+AA34*AB34+AD34*AE34+AG34*G34)/(Y34+AB34+AE34+AG34)) -> 17750 | AJ34: =IFERROR(IF(J34="B",(AI34-G34)/G34,(G34-AI34)/G34), "") -> -0.0028089888 | AK34: =IFERROR(IFS(AND(J34="B",ISBLANK(I34)),(G34-H34)*AG34,AND(J34="B",ISNUMBER(I34)),(G34-I34)*AG34,AND(J34="S",ISBLANK(I34)),(H34-G34)*AG34,AND(J34="S",ISNUMBER(I34)),(I34-G34)*AG34),"") -> 0 | AL34: =IFERROR(AJ34/W34, "") -> -1 | AM34: =IF(AN34="", "", IF(AN34="Closed", IF(ISNUMBER(AF34), AF34-B34, IF(ISNUMBER(AC34), AC34-B34, IF(ISNUMBER(Z34), Z34-B34, "") ) ), TODAY()-B34)) -> 0 | AN34: =IF(ISBLANK(N34), "", IF((N34+P34+S34-AH34)/N34=0, "Closed", (N34+P34+S34-AH34)/(N34+P34+S34))) -> Closed | AO34: =IFS(AND(ISBLANK(AF34),ISBLANK(AC34),AN34="Closed"),Z34, AND(ISBLANK(AF34),AN34="Closed", AC34<>""),AC34,AND(AN34="Closed", AF34<>""),AF34, AN34<>"Closed", "") -> 45868 | AP34: =IF(ISBLANK(N34), "", X34*Y34+AA34*AB34+AD34*AE34) -> 887500 | AQ34: =IFS(AND(ISBLANK(D34),N34<>"",AN34="Closed",J34="B"),(AH34*AI34)-U34,AND(ISBLANK(D34),N34<>"",AN34<>"Closed",J34="B"),(X34*Y34+AA34*AB34+AD34*AE34+K34*AG34)-U34, AND(ISBLANK(D34),N34<>"",AN34="Closed",J34="S"),U34-(AH34*AI34),AND(ISBLANK(D34),N34<>"",AN34<>"Closed",J34="S"),U34-(X34*Y34+AA34*AB34+AD34*AE34+K34*AG34),AND(D34<>"",N34<>"",AH34<>"",AN34="Closed",J34="B"),(AH34*AI34)-(G34*(AG34+AH34)),AND(D34<>"",N34<>"",AH34<>"",AN34="Closed",J34="S"),(G34*(AG34+AH34))-(AH34*AI34),AND(D34<>"",N34<>"",AN34<>"Closed"),"",ISBLANK(B34),"") -> -2500 | AR34: =IFS(AND(B34>=DATE(2025,1,1), B34<=DATE(2025,1,31)), AQ34/DDashboard!$C$2, AND(B34>=DATE(2025,2,1), B34<=DATE(2025,2,28)), AQ34/DDashboard!$C$3, AND(B34>=DATE(2025,3,1), B34<=DATE(2025,3,31)), AQ34/DDashboard!$C$4, AND(B34>=DATE(2025,4,1), B34<=DATE(2025,4,30)), AQ34/DDashboard!$C$5,AND(B34>=DATE(2025,5,1), B34<=DATE(2025,5,31)), AQ34/DDashboard!$C$6,AND(B34>=DATE(2025,6,1), B34<=DATE(2025,6,30)), AQ34/DDashboard!$C$7,AND(B34>=DATE(2025,7,1), B34<=DATE(2025,7,31)), AQ34/DDashboard!$C$8,AND(B34>=DATE(2025,8,1), B34<=DATE(2025,8,31)), AQ34/DDashboard!$C$9,AND(B34>=DATE(2025,9,1), B34<=DATE(2025,9,30)), AQ34/DDashboard!$C$10,AND(B34>=DATE(2025,10,1), B34<=DATE(2025,10,31)), AQ34/DDashboard!$C$11,AND(B34>=DATE(2025,11,1), B34<=DATE(2025,11,30)), AQ34/DDashboard!$C$12, AND(B34>=DATE(2025,12,1), B34<=DATE(2025,12,31)), AQ34/DDashboard!$C$13, True, "") -> -0.0025 | AS34: {=IF(ISBLANK(C34), "", SUM($AR$9:AR34) )} -> -0.14624122 | AT34: FALSE | AU34: Setup Failed | AW34: FOMO
A35: 34 | B35: 45869 | C35: RAJOOENG | F35: 111 | G35: =IF(ISBLANK(O35), F35, (N35*F35+O35*P35+R35*S35)/(N35+P35+S35)) -> 110.4 | H35: 105 | J35: B | K35: =IFERROR(__xludf.DUMMYFUNCTION("IF(ISBLANK(C35), """", GOOGLEFINANCE(""NSE:"" & C35,""price""))"),65.84) -> 65.84 | L35: No Setup | N35: 500 | O35: 109.8 | P35: 500 | Q35: 45869 | U35: =if(G35*N35<>0, F35*N35+O35*P35+R35*S35, "") -> 110400 | V35: =IFS(AND(B35>=DATE(2025,1,1), B35<=DATE(2025,1,31)), U35/DDashboard!$C$2, AND(B35>=DATE(2025,2,1), B35<=DATE(2025,2,28)), U35/DDashboard!$C$3, AND(B35>=DATE(2025,3,1), B35<=DATE(2025,3,31)), U35/DDashboard!$C$4, AND(B35>=DATE(2025,4,1), B35<=DATE(2025,4,30)), U35/DDashboard!$C$5,AND(B35>=DATE(2025,5,1), B35<=DATE(2025,5,31)), U35/DDashboard!$C$6,AND(B35>=DATE(2025,6,1), B35<=DATE(2025,6,30)), U35/DDashboard!$C$7,AND(B35>=DATE(2025,7,1), B35<=DATE(2025,7,31)), U35/DDashboard!$C$8,AND(B35>=DATE(2025,8,1), B35<=DATE(2025,8,31)), U35/DDashboard!$C$9,AND(B35>=DATE(2025,9,1), B35<=DATE(2025,9,30)), U35/DDashboard!$C$10,AND(B35>=DATE(2025,10,1), B35<=DATE(2025,10,31)), U35/DDashboard!$C$11,AND(B35>=DATE(2025,11,1), B35<=DATE(2025,11,30)), U35/DDashboard!$C$12, AND(B35>=DATE(2025,12,1), B35<=DATE(2025,12,31)), U35/DDashboard!$C$13, True, "") -> 0.1104 | W35: =IFS(ISBLANK(H35),"",AND(ISNUMBER(H35),J35="B"),(F35-H35)/F35,AND(ISNUMBER(H35), J35="S"),-(F35-H35)/F35) -> 0.054054054 | X35: 108.95 | Y35: 500 | Z35: 45870 | AG35: =IF(N35+P35+S35-AH35<>0,N35+P35+S35-AH35,"") -> 500 | AH35: =if(Y35+AB35+AE35<>0, Y35+AB35+AE35, "") -> 500 | AI35: =IF(ISBLANK(E35), IF(ISBLANK(X35), K35, IFERROR(IF(ISBLANK(C35),X35*Y35+AA35*AB35+AD35*AE35+AG35*K35,X35*Y35+AA35*AB35+AD35*AE35+AG35*G35)/(Y35+AB35+AE35+AG35) , "")),(X35*Y35+AA35*AB35+AD35*AE35+AG35*G35)/(Y35+AB35+AE35+AG35)) -> 109.675 | AJ35: =IFERROR(IF(J35="B",(AI35-G35)/G35,(G35-AI35)/G35), "") -> -0.006567029 | AK35: =IFERROR(IFS(AND(J35="B",ISBLANK(I35)),(G35-H35)*AG35,AND(J35="B",ISNUMBER(I35)),(G35-I35)*AG35,AND(J35="S",ISBLANK(I35)),(H35-G35)*AG35,AND(J35="S",ISNUMBER(I35)),(I35-G35)*AG35),"") -> 2700 | AL35: =IFERROR(AJ35/W35, "") -> -0.12149004 | AM35: =IF(AN35="", "", IF(AN35="Closed", IF(ISNUMBER(AF35), AF35-B35,IF(ISNUMBER(AC35), AC35-B35,IF(ISNUMBER(Z35), Z35-B35, ""))), TODAY()-B35)) -> 264 | AN35: =IF(ISBLANK(N35), "", IF((N35+P35+S35-AH35)/N35=0, "Closed", (N35+P35+S35-AH35)/(N35+P35+S35))) -> 0.5 | AO35: =IFS(AND(ISBLANK(AF35),ISBLANK(AC35),AN35="Closed"),Z35, AND(ISBLANK(AF35),AN35="Closed", AC35<>""),AC35,AND(AN35="Closed", AF35<>""),AF35, AN35<>"Closed", "") | AP35: =IF(ISBLANK(N35), "", X35*Y35+AA35*AB35+AD35*AE35) -> 54475 | AQ35: =IFS(AND(ISBLANK(D35),N35<>"",AN35="Closed",J35="B"),(AH35*AI35)-U35,AND(ISBLANK(D35),N35<>"",AN35<>"Closed",J35="B"),(X35*Y35+AA35*AB35+AD35*AE35+K35*AG35)-U35, AND(ISBLANK(D35),N35<>"",AN35="Closed",J35="S"),U35-(AH35*AI35),AND(ISBLANK(D35),N35<>"",AN35<>"Closed",J35="S"),U35-(X35*Y35+AA35*AB35+AD35*AE35+K35*AG35),AND(D35<>"",N35<>"",AH35<>"",AN35="Closed",J35="B"),(AH35*AI35)-(G35*(AG35+AH35)),AND(D35<>"",N35<>"",AH35<>"",AN35="Closed",J35="S"),(G35*(AG35+AH35))-(AH35*AI35),AND(D35<>"",N35<>"",AN35<>"Closed"),"",ISBLANK(B35),"") -> -23005 | AR35: =IFS(AND(B35>=DATE(2025,1,1), B35<=DATE(2025,1,31)), AQ35/DDashboard!$C$2, AND(B35>=DATE(2025,2,1), B35<=DATE(2025,2,28)), AQ35/DDashboard!$C$3, AND(B35>=DATE(2025,3,1), B35<=DATE(2025,3,31)), AQ35/DDashboard!$C$4, AND(B35>=DATE(2025,4,1), B35<=DATE(2025,4,30)), AQ35/DDashboard!$C$5,AND(B35>=DATE(2025,5,1), B35<=DATE(2025,5,31)), AQ35/DDashboard!$C$6,AND(B35>=DATE(2025,6,1), B35<=DATE(2025,6,30)), AQ35/DDashboard!$C$7,AND(B35>=DATE(2025,7,1), B35<=DATE(2025,7,31)), AQ35/DDashboard!$C$8,AND(B35>=DATE(2025,8,1), B35<=DATE(2025,8,31)), AQ35/DDashboard!$C$9,AND(B35>=DATE(2025,9,1), B35<=DATE(2025,9,30)), AQ35/DDashboard!$C$10,AND(B35>=DATE(2025,10,1), B35<=DATE(2025,10,31)), AQ35/DDashboard!$C$11,AND(B35>=DATE(2025,11,1), B35<=DATE(2025,11,30)), AQ35/DDashboard!$C$12, AND(B35>=DATE(2025,12,1), B35<=DATE(2025,12,31)), AQ35/DDashboard!$C$13, True, "") -> -0.023005 | AS35: {=IF(ISBLANK(C35), "", SUM($AR$9:AR35) )} -> -0.16924622 | AT35: FALSE
A36: 35 | B36: 45869 | C36: TRANSRAILL | F36: 737 | G36: =IF(ISBLANK(O36), F36, (N36*F36+O36*P36+R36*S36)/(N36+P36+S36)) -> 737 | H36: 700 | J36: B | K36: =IFERROR(__xludf.DUMMYFUNCTION("IF(ISBLANK(C36), """", GOOGLEFINANCE(""NSE:"" & C36,""price""))"),594.0) -> 594 | L36: Base on Base | N36: 50 | U36: =if(G36*N36<>0, F36*N36+O36*P36+R36*S36, "") -> 36850 | V36: =IFS(AND(B36>=DATE(2025,1,1), B36<=DATE(2025,1,31)), U36/DDashboard!$C$2, AND(B36>=DATE(2025,2,1), B36<=DATE(2025,2,28)), U36/DDashboard!$C$3, AND(B36>=DATE(2025,3,1), B36<=DATE(2025,3,31)), U36/DDashboard!$C$4, AND(B36>=DATE(2025,4,1), B36<=DATE(2025,4,30)), U36/DDashboard!$C$5,AND(B36>=DATE(2025,5,1), B36<=DATE(2025,5,31)), U36/DDashboard!$C$6,AND(B36>=DATE(2025,6,1), B36<=DATE(2025,6,30)), U36/DDashboard!$C$7,AND(B36>=DATE(2025,7,1), B36<=DATE(2025,7,31)), U36/DDashboard!$C$8,AND(B36>=DATE(2025,8,1), B36<=DATE(2025,8,31)), U36/DDashboard!$C$9,AND(B36>=DATE(2025,9,1), B36<=DATE(2025,9,30)), U36/DDashboard!$C$10,AND(B36>=DATE(2025,10,1), B36<=DATE(2025,10,31)), U36/DDashboard!$C$11,AND(B36>=DATE(2025,11,1), B36<=DATE(2025,11,30)), U36/DDashboard!$C$12, AND(B36>=DATE(2025,12,1), B36<=DATE(2025,12,31)), U36/DDashboard!$C$13, True, "") -> 0.03685 | W36: =IFS(ISBLANK(H36),"",AND(ISNUMBER(H36),J36="B"),(F36-H36)/F36,AND(ISNUMBER(H36), J36="S"),-(F36-H36)/F36) -> 0.050203528 | X36: 796 | Y36: 50 | Z36: 45883 | AG36: =IF(N36+P36+S36-AH36<>0,N36+P36+S36-AH36,"") | AH36: =if(Y36+AB36+AE36<>0, Y36+AB36+AE36, "") -> 50 | AI36: =IF(ISBLANK(E36), IF(ISBLANK(X36), K36, IFERROR(IF(ISBLANK(C36),X36*Y36+AA36*AB36+AD36*AE36+AG36*K36,X36*Y36+AA36*AB36+AD36*AE36+AG36*G36)/(Y36+AB36+AE36+AG36) , "")),(X36*Y36+AA36*AB36+AD36*AE36+AG36*G36)/(Y36+AB36+AE36+AG36)) -> 796 | AJ36: =IFERROR(IF(J36="B",(AI36-G36)/G36,(G36-AI36)/G36), "") -> 0.080054274 | AK36: =IFERROR(IFS(AND(J36="B",ISBLANK(I36)),(G36-H36)*AG36,AND(J36="B",ISNUMBER(I36)),(G36-I36)*AG36,AND(J36="S",ISBLANK(I36)),(H36-G36)*AG36,AND(J36="S",ISNUMBER(I36)),(I36-G36)*AG36),"") -> 0 | AL36: =IFERROR(AJ36/W36, "") -> 1.5945946 | AM36: =IF(AN36="", "", IF(AN36="Closed", IF(ISNUMBER(AF36), AF36-B36, IF(ISNUMBER(AC36), AC36-B36, IF(ISNUMBER(Z36), Z36-B36, "") ) ), TODAY()-B36)) -> 14 | AN36: =IF(ISBLANK(N36), "", IF((N36+P36+S36-AH36)/N36=0, "Closed", (N36+P36+S36-AH36)/(N36+P36+S36))) -> Closed | AO36: =IFS(AND(ISBLANK(AF36),ISBLANK(AC36),AN36="Closed"),Z36, AND(ISBLANK(AF36),AN36="Closed", AC36<>""),AC36,AND(AN36="Closed", AF36<>""),AF36, AN36<>"Closed", "") -> 45883 | AP36: =IF(ISBLANK(N36), "", X36*Y36+AA36*AB36+AD36*AE36) -> 39800 | AQ36: =IFS(AND(ISBLANK(D36),N36<>"",AN36="Closed",J36="B"),(AH36*AI36)-U36,AND(ISBLANK(D36),N36<>"",AN36<>"Closed",J36="B"),(X36*Y36+AA36*AB36+AD36*AE36+K36*AG36)-U36, AND(ISBLANK(D36),N36<>"",AN36="Closed",J36="S"),U36-(AH36*AI36),AND(ISBLANK(D36),N36<>"",AN36<>"Closed",J36="S"),U36-(X36*Y36+AA36*AB36+AD36*AE36+K36*AG36),AND(D36<>"",N36<>"",AH36<>"",AN36="Closed",J36="B"),(AH36*AI36)-(G36*(AG36+AH36)),AND(D36<>"",N36<>"",AH36<>"",AN36="Closed",J36="S"),(G36*(AG36+AH36))-(AH36*AI36),AND(D36<>"",N36<>"",AN36<>"Closed"),"",ISBLANK(B36),"") -> 2950 | AR36: =IFS(AND(B36>=DATE(2025,1,1), B36<=DATE(2025,1,31)), AQ36/DDashboard!$C$2, AND(B36>=DATE(2025,2,1), B36<=DATE(2025,2,28)), AQ36/DDashboard!$C$3, AND(B36>=DATE(2025,3,1), B36<=DATE(2025,3,31)), AQ36/DDashboard!$C$4, AND(B36>=DATE(2025,4,1), B36<=DATE(2025,4,30)), AQ36/DDashboard!$C$5,AND(B36>=DATE(2025,5,1), B36<=DATE(2025,5,31)), AQ36/DDashboard!$C$6,AND(B36>=DATE(2025,6,1), B36<=DATE(2025,6,30)), AQ36/DDashboard!$C$7,AND(B36>=DATE(2025,7,1), B36<=DATE(2025,7,31)), AQ36/DDashboard!$C$8,AND(B36>=DATE(2025,8,1), B36<=DATE(2025,8,31)), AQ36/DDashboard!$C$9,AND(B36>=DATE(2025,9,1), B36<=DATE(2025,9,30)), AQ36/DDashboard!$C$10,AND(B36>=DATE(2025,10,1), B36<=DATE(2025,10,31)), AQ36/DDashboard!$C$11,AND(B36>=DATE(2025,11,1), B36<=DATE(2025,11,30)), AQ36/DDashboard!$C$12, AND(B36>=DATE(2025,12,1), B36<=DATE(2025,12,31)), AQ36/DDashboard!$C$13, True, "") -> 0.00295 | AS36: {=IF(ISBLANK(C36), "", SUM($AR$9:AR36) )} -> -0.16629622 | AT36: FALSE | AU36: Target
A37: 36 | B37: 45869 | C37: SMARTWORKS | F37: 422.6 | G37: =IF(ISBLANK(O37), F37, (N37*F37+O37*P37+R37*S37)/(N37+P37+S37)) -> 422.6 | H37: 410 | J37: B | K37: =IFERROR(__xludf.DUMMYFUNCTION("IF(ISBLANK(C37), """", GOOGLEFINANCE(""NSE:"" & C37,""price""))"),440.2) -> 440.2 | L37: IPO base | M37: <1 W | N37: 100 | U37: =if(G37*N37<>0, F37*N37+O37*P37+R37*S37, "") -> 42260 | V37: =IFS(AND(B37>=DATE(2025,1,1), B37<=DATE(2025,1,31)), U37/DDashboard!$C$2, AND(B37>=DATE(2025,2,1), B37<=DATE(2025,2,28)), U37/DDashboard!$C$3, AND(B37>=DATE(2025,3,1), B37<=DATE(2025,3,31)), U37/DDashboard!$C$4, AND(B37>=DATE(2025,4,1), B37<=DATE(2025,4,30)), U37/DDashboard!$C$5,AND(B37>=DATE(2025,5,1), B37<=DATE(2025,5,31)), U37/DDashboard!$C$6,AND(B37>=DATE(2025,6,1), B37<=DATE(2025,6,30)), U37/DDashboard!$C$7,AND(B37>=DATE(2025,7,1), B37<=DATE(2025,7,31)), U37/DDashboard!$C$8,AND(B37>=DATE(2025,8,1), B37<=DATE(2025,8,31)), U37/DDashboard!$C$9,AND(B37>=DATE(2025,9,1), B37<=DATE(2025,9,30)), U37/DDashboard!$C$10,AND(B37>=DATE(2025,10,1), B37<=DATE(2025,10,31)), U37/DDashboard!$C$11,AND(B37>=DATE(2025,11,1), B37<=DATE(2025,11,30)), U37/DDashboard!$C$12, AND(B37>=DATE(2025,12,1), B37<=DATE(2025,12,31)), U37/DDashboard!$C$13, True, "") -> 0.04226 | W37: =IFS(ISBLANK(H37),"",AND(ISNUMBER(H37),J37="B"),(F37-H37)/F37,AND(ISNUMBER(H37), J37="S"),-(F37-H37)/F37) -> 0.029815428 | X37: 432 | Y37: 100 | Z37: 45900 | AG37: =IF(N37+P37+S37-AH37<>0,N37+P37+S37-AH37,"") | AH37: =if(Y37+AB37+AE37<>0, Y37+AB37+AE37, "") -> 100 | AI37: =IF(ISBLANK(E37), IF(ISBLANK(X37), K37, IFERROR(IF(ISBLANK(C37),X37*Y37+AA37*AB37+AD37*AE37+AG37*K37,X37*Y37+AA37*AB37+AD37*AE37+AG37*G37)/(Y37+AB37+AE37+AG37) , "")),(X37*Y37+AA37*AB37+AD37*AE37+AG37*G37)/(Y37+AB37+AE37+AG37)) -> 432 | AJ37: =IFERROR(IF(J37="B",(AI37-G37)/G37,(G37-AI37)/G37), "") -> 0.022243256 | AK37: =IFERROR(IFS(AND(J37="B",ISBLANK(I37)),(G37-H37)*AG37,AND(J37="B",ISNUMBER(I37)),(G37-I37)*AG37,AND(J37="S",ISBLANK(I37)),(H37-G37)*AG37,AND(J37="S",ISNUMBER(I37)),(I37-G37)*AG37),"") -> 0 | AL37: =IFERROR(AJ37/W37, "") -> 0.74603175 | AM37: =IF(AN37="", "", IF(AN37="Closed", IF(ISNUMBER(AF37), AF37-B37,IF(ISNUMBER(AC37), AC37-B37,IF(ISNUMBER(Z37), Z37-B37, ""))), TODAY()-B37)) -> 31 | AN37: =IF(ISBLANK(N37), "", IF((N37+P37+S37-AH37)/N37=0, "Closed", (N37+P37+S37-AH37)/(N37+P37+S37))) -> Closed | AO37: =IFS(AND(ISBLANK(AF37),ISBLANK(AC37),AN37="Closed"),Z37, AND(ISBLANK(AF37),AN37="Closed", AC37<>""),AC37,AND(AN37="Closed", AF37<>""),AF37, AN37<>"Closed", "") -> 45900 | AP37: =IF(ISBLANK(N37), "", X37*Y37+AA37*AB37+AD37*AE37) -> 43200 | AQ37: =IFS(AND(ISBLANK(D37),N37<>"",AN37="Closed",J37="B"),(AH37*AI37)-U37,AND(ISBLANK(D37),N37<>"",AN37<>"Closed",J37="B"),(X37*Y37+AA37*AB37+AD37*AE37+K37*AG37)-U37, AND(ISBLANK(D37),N37<>"",AN37="Closed",J37="S"),U37-(AH37*AI37),AND(ISBLANK(D37),N37<>"",AN37<>"Closed",J37="S"),U37-(X37*Y37+AA37*AB37+AD37*AE37+K37*AG37),AND(D37<>"",N37<>"",AH37<>"",AN37="Closed",J37="B"),(AH37*AI37)-(G37*(AG37+AH37)),AND(D37<>"",N37<>"",AH37<>"",AN37="Closed",J37="S"),(G37*(AG37+AH37))-(AH37*AI37),AND(D37<>"",N37<>"",AN37<>"Closed"),"",ISBLANK(B37),"") -> 940 | AR37: =IFS(AND(B37>=DATE(2025,1,1), B37<=DATE(2025,1,31)), AQ37/DDashboard!$C$2, AND(B37>=DATE(2025,2,1), B37<=DATE(2025,2,28)), AQ37/DDashboard!$C$3, AND(B37>=DATE(2025,3,1), B37<=DATE(2025,3,31)), AQ37/DDashboard!$C$4, AND(B37>=DATE(2025,4,1), B37<=DATE(2025,4,30)), AQ37/DDashboard!$C$5,AND(B37>=DATE(2025,5,1), B37<=DATE(2025,5,31)), AQ37/DDashboard!$C$6,AND(B37>=DATE(2025,6,1), B37<=DATE(2025,6,30)), AQ37/DDashboard!$C$7,AND(B37>=DATE(2025,7,1), B37<=DATE(2025,7,31)), AQ37/DDashboard!$C$8,AND(B37>=DATE(2025,8,1), B37<=DATE(2025,8,31)), AQ37/DDashboard!$C$9,AND(B37>=DATE(2025,9,1), B37<=DATE(2025,9,30)), AQ37/DDashboard!$C$10,AND(B37>=DATE(2025,10,1), B37<=DATE(2025,10,31)), AQ37/DDashboard!$C$11,AND(B37>=DATE(2025,11,1), B37<=DATE(2025,11,30)), AQ37/DDashboard!$C$12, AND(B37>=DATE(2025,12,1), B37<=DATE(2025,12,31)), AQ37/DDashboard!$C$13, True, "") -> 0.00094 | AS37: {=IF(ISBLANK(C37), "", SUM($AR$9:AR37) )} -> -0.16535622 | AT37: FALSE | AU37: Market Pressure
A38: 37 | B38: 45869 | C38: DANISH | F38: 968 | G38: =IF(ISBLANK(O38), F38, (N38*F38+O38*P38+R38*S38)/(N38+P38+S38)) -> 968 | H38: 920 | J38: B | K38: =IF(ISBLANK(C38), "", 950) -> 950 | L38: No Setup | N38: 150 | U38: =if(G38*N38<>0, F38*N38+O38*P38+R38*S38, "") -> 145200 | V38: =IFS(AND(B38>=DATE(2025,1,1), B38<=DATE(2025,1,31)), U38/DDashboard!$C$2, AND(B38>=DATE(2025,2,1), B38<=DATE(2025,2,28)), U38/DDashboard!$C$3, AND(B38>=DATE(2025,3,1), B38<=DATE(2025,3,31)), U38/DDashboard!$C$4, AND(B38>=DATE(2025,4,1), B38<=DATE(2025,4,30)), U38/DDashboard!$C$5,AND(B38>=DATE(2025,5,1), B38<=DATE(2025,5,31)), U38/DDashboard!$C$6,AND(B38>=DATE(2025,6,1), B38<=DATE(2025,6,30)), U38/DDashboard!$C$7,AND(B38>=DATE(2025,7,1), B38<=DATE(2025,7,31)), U38/DDashboard!$C$8,AND(B38>=DATE(2025,8,1), B38<=DATE(2025,8,31)), U38/DDashboard!$C$9,AND(B38>=DATE(2025,9,1), B38<=DATE(2025,9,30)), U38/DDashboard!$C$10,AND(B38>=DATE(2025,10,1), B38<=DATE(2025,10,31)), U38/DDashboard!$C$11,AND(B38>=DATE(2025,11,1), B38<=DATE(2025,11,30)), U38/DDashboard!$C$12, AND(B38>=DATE(2025,12,1), B38<=DATE(2025,12,31)), U38/DDashboard!$C$13, True, "") -> 0.1452 | W38: =IFS(ISBLANK(H38),"",AND(ISNUMBER(H38),J38="B"),(F38-H38)/F38,AND(ISNUMBER(H38), J38="S"),-(F38-H38)/F38) -> 0.049586777 | AG38: =IF(N38+P38+S38-AH38<>0,N38+P38+S38-AH38,"") -> 150 | AH38: =if(Y38+AB38+AE38<>0, Y38+AB38+AE38, "") | AI38: =IF(ISBLANK(E38), IF(ISBLANK(X38), K38, IFERROR(IF(ISBLANK(C38),X38*Y38+AA38*AB38+AD38*AE38+AG38*K38,X38*Y38+AA38*AB38+AD38*AE38+AG38*G38)/(Y38+AB38+AE38+AG38) , "")),(X38*Y38+AA38*AB38+AD38*AE38+AG38*G38)/(Y38+AB38+AE38+AG38)) -> 950 | AJ38: =IFERROR(IF(J38="B",(AI38-G38)/G38,(G38-AI38)/G38), "") -> -0.018595041 | AK38: =IFERROR(IFS(AND(J38="B",ISBLANK(I38)),(G38-H38)*AG38,AND(J38="B",ISNUMBER(I38)),(G38-I38)*AG38,AND(J38="S",ISBLANK(I38)),(H38-G38)*AG38,AND(J38="S",ISNUMBER(I38)),(I38-G38)*AG38),"") -> 7200 | AL38: =IFERROR(AJ38/W38, "") -> -0.375 | AM38: =IF(AN38="", "", IF(AN38="Closed", IF(ISNUMBER(AF38), AF38-B38, IF(ISNUMBER(AC38), AC38-B38, IF(ISNUMBER(Z38), Z38-B38, "") ) ), TODAY()-B38)) -> 264 | AN38: =IF(ISBLANK(N38), "", IF((N38+P38+S38-AH38)/N38=0, "Closed", (N38+P38+S38-AH38)/(N38+P38+S38))) -> 1 | AO38: =IFS(AND(ISBLANK(AF38),ISBLANK(AC38),AN38="Closed"),Z38, AND(ISBLANK(AF38),AN38="Closed", AC38<>""),AC38,AND(AN38="Closed", AF38<>""),AF38, AN38<>"Closed", "") | AP38: =IF(ISBLANK(N38), "", X38*Y38+AA38*AB38+AD38*AE38) -> 0 | AQ38: =IFS(AND(ISBLANK(D38),N38<>"",AN38="Closed",J38="B"),(AH38*AI38)-U38,AND(ISBLANK(D38),N38<>"",AN38<>"Closed",J38="B"),(X38*Y38+AA38*AB38+AD38*AE38+K38*AG38)-U38, AND(ISBLANK(D38),N38<>"",AN38="Closed",J38="S"),U38-(AH38*AI38),AND(ISBLANK(D38),N38<>"",AN38<>"Closed",J38="S"),U38-(X38*Y38+AA38*AB38+AD38*AE38+K38*AG38),AND(D38<>"",N38<>"",AH38<>"",AN38="Closed",J38="B"),(AH38*AI38)-(G38*(AG38+AH38)),AND(D38<>"",N38<>"",AH38<>"",AN38="Closed",J38="S"),(G38*(AG38+AH38))-(AH38*AI38),AND(D38<>"",N38<>"",AN38<>"Closed"),"",ISBLANK(B38),"") -> -2700 | AR38: =IFS(AND(B38>=DATE(2025,1,1), B38<=DATE(2025,1,31)), AQ38/DDashboard!$C$2, AND(B38>=DATE(2025,2,1), B38<=DATE(2025,2,28)), AQ38/DDashboard!$C$3, AND(B38>=DATE(2025,3,1), B38<=DATE(2025,3,31)), AQ38/DDashboard!$C$4, AND(B38>=DATE(2025,4,1), B38<=DATE(2025,4,30)), AQ38/DDashboard!$C$5,AND(B38>=DATE(2025,5,1), B38<=DATE(2025,5,31)), AQ38/DDashboard!$C$6,AND(B38>=DATE(2025,6,1), B38<=DATE(2025,6,30)), AQ38/DDashboard!$C$7,AND(B38>=DATE(2025,7,1), B38<=DATE(2025,7,31)), AQ38/DDashboard!$C$8,AND(B38>=DATE(2025,8,1), B38<=DATE(2025,8,31)), AQ38/DDashboard!$C$9,AND(B38>=DATE(2025,9,1), B38<=DATE(2025,9,30)), AQ38/DDashboard!$C$10,AND(B38>=DATE(2025,10,1), B38<=DATE(2025,10,31)), AQ38/DDashboard!$C$11,AND(B38>=DATE(2025,11,1), B38<=DATE(2025,11,30)), AQ38/DDashboard!$C$12, AND(B38>=DATE(2025,12,1), B38<=DATE(2025,12,31)), AQ38/DDashboard!$C$13, True, "") -> -0.0027 | AS38: {=IF(ISBLANK(C38), "", SUM($AR$9:AR38) )} -> -0.16805622 | AT38: FALSE
A39: 38 | B39: 45870 | C39: MAHSEAMLES | F39: 692 | G39: =IF(ISBLANK(O39), F39, (N39*F39+O39*P39+R39*S39)/(N39+P39+S39)) -> 692 | H39: 678 | J39: B | K39: =IFERROR(__xludf.DUMMYFUNCTION("IF(ISBLANK(C39), """", GOOGLEFINANCE(""NSE:"" & C39,""price""))"),653.0) -> 653 | L39: No Setup | N39: 50 | U39: =if(G39*N39<>0, F39*N39+O39*P39+R39*S39, "") -> 34600 | V39: =IFS(AND(B39>=DATE(2025,1,1), B39<=DATE(2025,1,31)), U39/DDashboard!$C$2, AND(B39>=DATE(2025,2,1), B39<=DATE(2025,2,28)), U39/DDashboard!$C$3, AND(B39>=DATE(2025,3,1), B39<=DATE(2025,3,31)), U39/DDashboard!$C$4, AND(B39>=DATE(2025,4,1), B39<=DATE(2025,4,30)), U39/DDashboard!$C$5,AND(B39>=DATE(2025,5,1), B39<=DATE(2025,5,31)), U39/DDashboard!$C$6,AND(B39>=DATE(2025,6,1), B39<=DATE(2025,6,30)), U39/DDashboard!$C$7,AND(B39>=DATE(2025,7,1), B39<=DATE(2025,7,31)), U39/DDashboard!$C$8,AND(B39>=DATE(2025,8,1), B39<=DATE(2025,8,31)), U39/DDashboard!$C$9,AND(B39>=DATE(2025,9,1), B39<=DATE(2025,9,30)), U39/DDashboard!$C$10,AND(B39>=DATE(2025,10,1), B39<=DATE(2025,10,31)), U39/DDashboard!$C$11,AND(B39>=DATE(2025,11,1), B39<=DATE(2025,11,30)), U39/DDashboard!$C$12, AND(B39>=DATE(2025,12,1), B39<=DATE(2025,12,31)), U39/DDashboard!$C$13, True, "") -> 0.041444631 | W39: =IFS(ISBLANK(H39),"",AND(ISNUMBER(H39),J39="B"),(F39-H39)/F39,AND(ISNUMBER(H39), J39="S"),-(F39-H39)/F39) -> 0.020231214 | X39: 677 | Y39: 50 | Z39: 45883 | AG39: =IF(N39+P39+S39-AH39<>0,N39+P39+S39-AH39,"") | AH39: =if(Y39+AB39+AE39<>0, Y39+AB39+AE39, "") -> 50 | AI39: =IF(ISBLANK(E39), IF(ISBLANK(X39), K39, IFERROR(IF(ISBLANK(C39),X39*Y39+AA39*AB39+AD39*AE39+AG39*K39,X39*Y39+AA39*AB39+AD39*AE39+AG39*G39)/(Y39+AB39+AE39+AG39) , "")),(X39*Y39+AA39*AB39+AD39*AE39+AG39*G39)/(Y39+AB39+AE39+AG39)) -> 677 | AJ39: =IFERROR(IF(J39="B",(AI39-G39)/G39,(G39-AI39)/G39), "") -> -0.021676301 | AK39: =IFERROR(IFS(AND(J39="B",ISBLANK(I39)),(G39-H39)*AG39,AND(J39="B",ISNUMBER(I39)),(G39-I39)*AG39,AND(J39="S",ISBLANK(I39)),(H39-G39)*AG39,AND(J39="S",ISNUMBER(I39)),(I39-G39)*AG39),"") -> 0 | AL39: =IFERROR(AJ39/W39, "") -> -1.0714286 | AM39: =IF(AN39="", "", IF(AN39="Closed", IF(ISNUMBER(AF39), AF39-B39,IF(ISNUMBER(AC39), AC39-B39,IF(ISNUMBER(Z39), Z39-B39, ""))), TODAY()-B39)) -> 13 | AN39: =IF(ISBLANK(N39), "", IF((N39+P39+S39-AH39)/N39=0, "Closed", (N39+P39+S39-AH39)/(N39+P39+S39))) -> Closed | AO39: =IFS(AND(ISBLANK(AF39),ISBLANK(AC39),AN39="Closed"),Z39, AND(ISBLANK(AF39),AN39="Closed", AC39<>""),AC39,AND(AN39="Closed", AF39<>""),AF39, AN39<>"Closed", "") -> 45883 | AP39: =IF(ISBLANK(N39), "", X39*Y39+AA39*AB39+AD39*AE39) -> 33850 | AQ39: =IFS(AND(ISBLANK(D39),N39<>"",AN39="Closed",J39="B"),(AH39*AI39)-U39,AND(ISBLANK(D39),N39<>"",AN39<>"Closed",J39="B"),(X39*Y39+AA39*AB39+AD39*AE39+K39*AG39)-U39, AND(ISBLANK(D39),N39<>"",AN39="Closed",J39="S"),U39-(AH39*AI39),AND(ISBLANK(D39),N39<>"",AN39<>"Closed",J39="S"),U39-(X39*Y39+AA39*AB39+AD39*AE39+K39*AG39),AND(D39<>"",N39<>"",AH39<>"",AN39="Closed",J39="B"),(AH39*AI39)-(G39*(AG39+AH39)),AND(D39<>"",N39<>"",AH39<>"",AN39="Closed",J39="S"),(G39*(AG39+AH39))-(AH39*AI39),AND(D39<>"",N39<>"",AN39<>"Closed"),"",ISBLANK(B39),"") -> -750 | AR39: =IFS(AND(B39>=DATE(2025,1,1), B39<=DATE(2025,1,31)), AQ39/DDashboard!$C$2, AND(B39>=DATE(2025,2,1), B39<=DATE(2025,2,28)), AQ39/DDashboard!$C$3, AND(B39>=DATE(2025,3,1), B39<=DATE(2025,3,31)), AQ39/DDashboard!$C$4, AND(B39>=DATE(2025,4,1), B39<=DATE(2025,4,30)), AQ39/DDashboard!$C$5,AND(B39>=DATE(2025,5,1), B39<=DATE(2025,5,31)), AQ39/DDashboard!$C$6,AND(B39>=DATE(2025,6,1), B39<=DATE(2025,6,30)), AQ39/DDashboard!$C$7,AND(B39>=DATE(2025,7,1), B39<=DATE(2025,7,31)), AQ39/DDashboard!$C$8,AND(B39>=DATE(2025,8,1), B39<=DATE(2025,8,31)), AQ39/DDashboard!$C$9,AND(B39>=DATE(2025,9,1), B39<=DATE(2025,9,30)), AQ39/DDashboard!$C$10,AND(B39>=DATE(2025,10,1), B39<=DATE(2025,10,31)), AQ39/DDashboard!$C$11,AND(B39>=DATE(2025,11,1), B39<=DATE(2025,11,30)), AQ39/DDashboard!$C$12, AND(B39>=DATE(2025,12,1), B39<=DATE(2025,12,31)), AQ39/DDashboard!$C$13, True, "") -> -0.00089836629 | AS39: {=IF(ISBLANK(C39), "", SUM($AR$9:AR39) )} -> -0.16895459 | AT39: FALSE | AU39: SL
A40: 39 | B40: 45877 | C40: MBEL | F40: 428 | G40: =IF(ISBLANK(O40), F40, (N40*F40+O40*P40+R40*S40)/(N40+P40+S40)) -> 428 | H40: 420 | J40: B | K40: =IFERROR(__xludf.DUMMYFUNCTION("IF(ISBLANK(C40), """", GOOGLEFINANCE(""NSE:"" & C40,""price""))"),334.5) -> 334.5 | L40: IPO base | M40: <1 W | N40: 100 | U40: =if(G40*N40<>0, F40*N40+O40*P40+R40*S40, "") -> 42800 | V40: =IFS(AND(B40>=DATE(2025,1,1), B40<=DATE(2025,1,31)), U40/DDashboard!$C$2, AND(B40>=DATE(2025,2,1), B40<=DATE(2025,2,28)), U40/DDashboard!$C$3, AND(B40>=DATE(2025,3,1), B40<=DATE(2025,3,31)), U40/DDashboard!$C$4, AND(B40>=DATE(2025,4,1), B40<=DATE(2025,4,30)), U40/DDashboard!$C$5,AND(B40>=DATE(2025,5,1), B40<=DATE(2025,5,31)), U40/DDashboard!$C$6,AND(B40>=DATE(2025,6,1), B40<=DATE(2025,6,30)), U40/DDashboard!$C$7,AND(B40>=DATE(2025,7,1), B40<=DATE(2025,7,31)), U40/DDashboard!$C$8,AND(B40>=DATE(2025,8,1), B40<=DATE(2025,8,31)), U40/DDashboard!$C$9,AND(B40>=DATE(2025,9,1), B40<=DATE(2025,9,30)), U40/DDashboard!$C$10,AND(B40>=DATE(2025,10,1), B40<=DATE(2025,10,31)), U40/DDashboard!$C$11,AND(B40>=DATE(2025,11,1), B40<=DATE(2025,11,30)), U40/DDashboard!$C$12, AND(B40>=DATE(2025,12,1), B40<=DATE(2025,12,31)), U40/DDashboard!$C$13, True, "") -> 0.05126677 | W40: =IFS(ISBLANK(H40),"",AND(ISNUMBER(H40),J40="B"),(F40-H40)/F40,AND(ISNUMBER(H40), J40="S"),-(F40-H40)/F40) -> 0.018691589 | X40: 446 | Y40: 50 | Z40: 45870 | AA40: 455 | AB40: 50 | AC40: 45870 | AG40: =IF(N40+P40+S40-AH40<>0,N40+P40+S40-AH40,"") | AH40: =if(Y40+AB40+AE40<>0, Y40+AB40+AE40, "") -> 100 | AI40: =IF(ISBLANK(E40), IF(ISBLANK(X40), K40, IFERROR(IF(ISBLANK(C40),X40*Y40+AA40*AB40+AD40*AE40+AG40*K40,X40*Y40+AA40*AB40+AD40*AE40+AG40*G40)/(Y40+AB40+AE40+AG40) , "")),(X40*Y40+AA40*AB40+AD40*AE40+AG40*G40)/(Y40+AB40+AE40+AG40)) -> 450.5 | AJ40: =IFERROR(IF(J40="B",(AI40-G40)/G40,(G40-AI40)/G40), "") -> 0.052570093 | AK40: =IFERROR(IFS(AND(J40="B",ISBLANK(I40)),(G40-H40)*AG40,AND(J40="B",ISNUMBER(I40)),(G40-I40)*AG40,AND(J40="S",ISBLANK(I40)),(H40-G40)*AG40,AND(J40="S",ISNUMBER(I40)),(I40-G40)*AG40),"") -> 0 | AL40: =IFERROR(AJ40/W40, "") -> 2.8125 | AM40: =IF(AN40="", "", IF(AN40="Closed", IF(ISNUMBER(AF40), AF40-B40, IF(ISNUMBER(AC40), AC40-B40, IF(ISNUMBER(Z40), Z40-B40, "") ) ), TODAY()-B40)) -> -7 | AN40: =IF(ISBLANK(N40), "", IF((N40+P40+S40-AH40)/N40=0, "Closed", (N40+P40+S40-AH40)/(N40+P40+S40))) -> Closed | AO40: =IFS(AND(ISBLANK(AF40),ISBLANK(AC40),AN40="Closed"),Z40, AND(ISBLANK(AF40),AN40="Closed", AC40<>""),AC40,AND(AN40="Closed", AF40<>""),AF40, AN40<>"Closed", "") -> 45870 | AP40: =IF(ISBLANK(N40), "", X40*Y40+AA40*AB40+AD40*AE40) -> 45050 | AQ40: =IFS(AND(ISBLANK(D40),N40<>"",AN40="Closed",J40="B"),(AH40*AI40)-U40,AND(ISBLANK(D40),N40<>"",AN40<>"Closed",J40="B"),(X40*Y40+AA40*AB40+AD40*AE40+K40*AG40)-U40, AND(ISBLANK(D40),N40<>"",AN40="Closed",J40="S"),U40-(AH40*AI40),AND(ISBLANK(D40),N40<>"",AN40<>"Closed",J40="S"),U40-(X40*Y40+AA40*AB40+AD40*AE40+K40*AG40),AND(D40<>"",N40<>"",AH40<>"",AN40="Closed",J40="B"),(AH40*AI40)-(G40*(AG40+AH40)),AND(D40<>"",N40<>"",AH40<>"",AN40="Closed",J40="S"),(G40*(AG40+AH40))-(AH40*AI40),AND(D40<>"",N40<>"",AN40<>"Closed"),"",ISBLANK(B40),"") -> 2250 | AR40: =IFS(AND(B40>=DATE(2025,1,1), B40<=DATE(2025,1,31)), AQ40/DDashboard!$C$2, AND(B40>=DATE(2025,2,1), B40<=DATE(2025,2,28)), AQ40/DDashboard!$C$3, AND(B40>=DATE(2025,3,1), B40<=DATE(2025,3,31)), AQ40/DDashboard!$C$4, AND(B40>=DATE(2025,4,1), B40<=DATE(2025,4,30)), AQ40/DDashboard!$C$5,AND(B40>=DATE(2025,5,1), B40<=DATE(2025,5,31)), AQ40/DDashboard!$C$6,AND(B40>=DATE(2025,6,1), B40<=DATE(2025,6,30)), AQ40/DDashboard!$C$7,AND(B40>=DATE(2025,7,1), B40<=DATE(2025,7,31)), AQ40/DDashboard!$C$8,AND(B40>=DATE(2025,8,1), B40<=DATE(2025,8,31)), AQ40/DDashboard!$C$9,AND(B40>=DATE(2025,9,1), B40<=DATE(2025,9,30)), AQ40/DDashboard!$C$10,AND(B40>=DATE(2025,10,1), B40<=DATE(2025,10,31)), AQ40/DDashboard!$C$11,AND(B40>=DATE(2025,11,1), B40<=DATE(2025,11,30)), AQ40/DDashboard!$C$12, AND(B40>=DATE(2025,12,1), B40<=DATE(2025,12,31)), AQ40/DDashboard!$C$13, True, "") -> 0.0026950989 | AS40: {=IF(ISBLANK(C40), "", SUM($AR$9:AR40) )} -> -0.16625949 | AT40: FALSE | AU40: Target
A41: 40 | B41: 45877 | C41: EBGNG | F41: 316 | G41: =IF(ISBLANK(O41), F41, (N41*F41+O41*P41+R41*S41)/(N41+P41+S41)) -> 316 | H41: 310 | J41: B | K41: =IFERROR(__xludf.DUMMYFUNCTION("IF(ISBLANK(C41), """", GOOGLEFINANCE(""NSE:"" & C41,""price""))"),413.1) -> 413.1 | L41: IPO base | M41: <1 W | N41: 100 | U41: =if(G41*N41<>0, F41*N41+O41*P41+R41*S41, "") -> 31600 | V41: =IFS(AND(B41>=DATE(2025,1,1), B41<=DATE(2025,1,31)), U41/DDashboard!$C$2, AND(B41>=DATE(2025,2,1), B41<=DATE(2025,2,28)), U41/DDashboard!$C$3, AND(B41>=DATE(2025,3,1), B41<=DATE(2025,3,31)), U41/DDashboard!$C$4, AND(B41>=DATE(2025,4,1), B41<=DATE(2025,4,30)), U41/DDashboard!$C$5,AND(B41>=DATE(2025,5,1), B41<=DATE(2025,5,31)), U41/DDashboard!$C$6,AND(B41>=DATE(2025,6,1), B41<=DATE(2025,6,30)), U41/DDashboard!$C$7,AND(B41>=DATE(2025,7,1), B41<=DATE(2025,7,31)), U41/DDashboard!$C$8,AND(B41>=DATE(2025,8,1), B41<=DATE(2025,8,31)), U41/DDashboard!$C$9,AND(B41>=DATE(2025,9,1), B41<=DATE(2025,9,30)), U41/DDashboard!$C$10,AND(B41>=DATE(2025,10,1), B41<=DATE(2025,10,31)), U41/DDashboard!$C$11,AND(B41>=DATE(2025,11,1), B41<=DATE(2025,11,30)), U41/DDashboard!$C$12, AND(B41>=DATE(2025,12,1), B41<=DATE(2025,12,31)), U41/DDashboard!$C$13, True, "") -> 0.037851166 | W41: =IFS(ISBLANK(H41),"",AND(ISNUMBER(H41),J41="B"),(F41-H41)/F41,AND(ISNUMBER(H41), J41="S"),-(F41-H41)/F41) -> 0.018987342 | X41: 327 | Y41: 100 | Z41: 45870 | AG41: =IF(N41+P41+S41-AH41<>0,N41+P41+S41-AH41,"") | AH41: =if(Y41+AB41+AE41<>0, Y41+AB41+AE41, "") -> 100 | AI41: =IF(ISBLANK(E41), IF(ISBLANK(X41), K41, IFERROR(IF(ISBLANK(C41),X41*Y41+AA41*AB41+AD41*AE41+AG41*K41,X41*Y41+AA41*AB41+AD41*AE41+AG41*G41)/(Y41+AB41+AE41+AG41) , "")),(X41*Y41+AA41*AB41+AD41*AE41+AG41*G41)/(Y41+AB41+AE41+AG41)) -> 327 | AJ41: =IFERROR(IF(J41="B",(AI41-G41)/G41,(G41-AI41)/G41), "") -> 0.034810127 | AK41: =IFERROR(IFS(AND(J41="B",ISBLANK(I41)),(G41-H41)*AG41,AND(J41="B",ISNUMBER(I41)),(G41-I41)*AG41,AND(J41="S",ISBLANK(I41)),(H41-G41)*AG41,AND(J41="S",ISNUMBER(I41)),(I41-G41)*AG41),"") -> 0 | AL41: =IFERROR(AJ41/W41, "") -> 1.8333333 | AM41: =IF(AN41="", "", IF(AN41="Closed", IF(ISNUMBER(AF41), AF41-B41,IF(ISNUMBER(AC41), AC41-B41,IF(ISNUMBER(Z41), Z41-B41, ""))), TODAY()-B41)) -> -7 | AN41: =IF(ISBLANK(N41), "", IF((N41+P41+S41-AH41)/N41=0, "Closed", (N41+P41+S41-AH41)/(N41+P41+S41))) -> Closed | AO41: =IFS(AND(ISBLANK(AF41),ISBLANK(AC41),AN41="Closed"),Z41, AND(ISBLANK(AF41),AN41="Closed", AC41<>""),AC41,AND(AN41="Closed", AF41<>""),AF41, AN41<>"Closed", "") -> 45870 | AP41: =IF(ISBLANK(N41), "", X41*Y41+AA41*AB41+AD41*AE41) -> 32700 | AQ41: =IFS(AND(ISBLANK(D41),N41<>"",AN41="Closed",J41="B"),(AH41*AI41)-U41,AND(ISBLANK(D41),N41<>"",AN41<>"Closed",J41="B"),(X41*Y41+AA41*AB41+AD41*AE41+K41*AG41)-U41, AND(ISBLANK(D41),N41<>"",AN41="Closed",J41="S"),U41-(AH41*AI41),AND(ISBLANK(D41),N41<>"",AN41<>"Closed",J41="S"),U41-(X41*Y41+AA41*AB41+AD41*AE41+K41*AG41),AND(D41<>"",N41<>"",AH41<>"",AN41="Closed",J41="B"),(AH41*AI41)-(G41*(AG41+AH41)),AND(D41<>"",N41<>"",AH41<>"",AN41="Closed",J41="S"),(G41*(AG41+AH41))-(AH41*AI41),AND(D41<>"",N41<>"",AN41<>"Closed"),"",ISBLANK(B41),"") -> 1100 | AR41: =IFS(AND(B41>=DATE(2025,1,1), B41<=DATE(2025,1,31)), AQ41/DDashboard!$C$2, AND(B41>=DATE(2025,2,1), B41<=DATE(2025,2,28)), AQ41/DDashboard!$C$3, AND(B41>=DATE(2025,3,1), B41<=DATE(2025,3,31)), AQ41/DDashboard!$C$4, AND(B41>=DATE(2025,4,1), B41<=DATE(2025,4,30)), AQ41/DDashboard!$C$5,AND(B41>=DATE(2025,5,1), B41<=DATE(2025,5,31)), AQ41/DDashboard!$C$6,AND(B41>=DATE(2025,6,1), B41<=DATE(2025,6,30)), AQ41/DDashboard!$C$7,AND(B41>=DATE(2025,7,1), B41<=DATE(2025,7,31)), AQ41/DDashboard!$C$8,AND(B41>=DATE(2025,8,1), B41<=DATE(2025,8,31)), AQ41/DDashboard!$C$9,AND(B41>=DATE(2025,9,1), B41<=DATE(2025,9,30)), AQ41/DDashboard!$C$10,AND(B41>=DATE(2025,10,1), B41<=DATE(2025,10,31)), AQ41/DDashboard!$C$11,AND(B41>=DATE(2025,11,1), B41<=DATE(2025,11,30)), AQ41/DDashboard!$C$12, AND(B41>=DATE(2025,12,1), B41<=DATE(2025,12,31)), AQ41/DDashboard!$C$13, True, "") -> 0.0013176039 | AS41: {=IF(ISBLANK(C41), "", SUM($AR$9:AR41) )} -> -0.16494188 | AT41: FALSE | AU41: Target
A42: 41 | B42: 45880 | C42: MODEFENCE | F42: 83.9 | G42: =IF(ISBLANK(O42), F42, (N42*F42+O42*P42+R42*S42)/(N42+P42+S42)) -> 83.9 | H42: 83 | J42: B | K42: =IFERROR(__xludf.DUMMYFUNCTION("IF(ISBLANK(C42), """", GOOGLEFINANCE(""NSE:"" & C42,""price""))"),97.2) -> 97.2 | L42: Low Cheat | N42: 1000 | U42: =if(G42*N42<>0, F42*N42+O42*P42+R42*S42, "") -> 83900 | V42: =IFS(AND(B42>=DATE(2025,1,1), B42<=DATE(2025,1,31)), U42/DDashboard!$C$2, AND(B42>=DATE(2025,2,1), B42<=DATE(2025,2,28)), U42/DDashboard!$C$3, AND(B42>=DATE(2025,3,1), B42<=DATE(2025,3,31)), U42/DDashboard!$C$4, AND(B42>=DATE(2025,4,1), B42<=DATE(2025,4,30)), U42/DDashboard!$C$5,AND(B42>=DATE(2025,5,1), B42<=DATE(2025,5,31)), U42/DDashboard!$C$6,AND(B42>=DATE(2025,6,1), B42<=DATE(2025,6,30)), U42/DDashboard!$C$7,AND(B42>=DATE(2025,7,1), B42<=DATE(2025,7,31)), U42/DDashboard!$C$8,AND(B42>=DATE(2025,8,1), B42<=DATE(2025,8,31)), U42/DDashboard!$C$9,AND(B42>=DATE(2025,9,1), B42<=DATE(2025,9,30)), U42/DDashboard!$C$10,AND(B42>=DATE(2025,10,1), B42<=DATE(2025,10,31)), U42/DDashboard!$C$11,AND(B42>=DATE(2025,11,1), B42<=DATE(2025,11,30)), U42/DDashboard!$C$12, AND(B42>=DATE(2025,12,1), B42<=DATE(2025,12,31)), U42/DDashboard!$C$13, True, "") -> 0.10049724 | W42: =IFS(ISBLANK(H42),"",AND(ISNUMBER(H42),J42="B"),(F42-H42)/F42,AND(ISNUMBER(H42), J42="S"),-(F42-H42)/F42) -> 0.010727056 | X42: 85.4 | Y42: 1000 | Z42: 45883 | AG42: =IF(N42+P42+S42-AH42<>0,N42+P42+S42-AH42,"") | AH42: =if(Y42+AB42+AE42<>0, Y42+AB42+AE42, "") -> 1000 | AI42: =IF(ISBLANK(E42), IF(ISBLANK(X42), K42, IFERROR(IF(ISBLANK(C42),X42*Y42+AA42*AB42+AD42*AE42+AG42*K42,X42*Y42+AA42*AB42+AD42*AE42+AG42*G42)/(Y42+AB42+AE42+AG42) , "")),(X42*Y42+AA42*AB42+AD42*AE42+AG42*G42)/(Y42+AB42+AE42+AG42)) -> 85.4 | AJ42: =IFERROR(IF(J42="B",(AI42-G42)/G42,(G42-AI42)/G42), "") -> 0.017878427 | AK42: =IFERROR(IFS(AND(J42="B",ISBLANK(I42)),(G42-H42)*AG42,AND(J42="B",ISNUMBER(I42)),(G42-I42)*AG42,AND(J42="S",ISBLANK(I42)),(H42-G42)*AG42,AND(J42="S",ISNUMBER(I42)),(I42-G42)*AG42),"") -> 0 | AL42: =IFERROR(AJ42/W42, "") -> 1.6666667 | AM42: =IF(AN42="", "", IF(AN42="Closed", IF(ISNUMBER(AF42), AF42-B42, IF(ISNUMBER(AC42), AC42-B42, IF(ISNUMBER(Z42), Z42-B42, "") ) ), TODAY()-B42)) -> 3 | AN42: =IF(ISBLANK(N42), "", IF((N42+P42+S42-AH42)/N42=0, "Closed", (N42+P42+S42-AH42)/(N42+P42+S42))) -> Closed | AO42: =IFS(AND(ISBLANK(AF42),ISBLANK(AC42),AN42="Closed"),Z42, AND(ISBLANK(AF42),AN42="Closed", AC42<>""),AC42,AND(AN42="Closed", AF42<>""),AF42, AN42<>"Closed", "") -> 45883 | AP42: =IF(ISBLANK(N42), "", X42*Y42+AA42*AB42+AD42*AE42) -> 85400 | AQ42: =IFS(AND(ISBLANK(D42),N42<>"",AN42="Closed",J42="B"),(AH42*AI42)-U42,AND(ISBLANK(D42),N42<>"",AN42<>"Closed",J42="B"),(X42*Y42+AA42*AB42+AD42*AE42+K42*AG42)-U42, AND(ISBLANK(D42),N42<>"",AN42="Closed",J42="S"),U42-(AH42*AI42),AND(ISBLANK(D42),N42<>"",AN42<>"Closed",J42="S"),U42-(X42*Y42+AA42*AB42+AD42*AE42+K42*AG42),AND(D42<>"",N42<>"",AH42<>"",AN42="Closed",J42="B"),(AH42*AI42)-(G42*(AG42+AH42)),AND(D42<>"",N42<>"",AH42<>"",AN42="Closed",J42="S"),(G42*(AG42+AH42))-(AH42*AI42),AND(D42<>"",N42<>"",AN42<>"Closed"),"",ISBLANK(B42),"") -> 1500 | AR42: =IFS(AND(B42>=DATE(2025,1,1), B42<=DATE(2025,1,31)), AQ42/DDashboard!$C$2, AND(B42>=DATE(2025,2,1), B42<=DATE(2025,2,28)), AQ42/DDashboard!$C$3, AND(B42>=DATE(2025,3,1), B42<=DATE(2025,3,31)), AQ42/DDashboard!$C$4, AND(B42>=DATE(2025,4,1), B42<=DATE(2025,4,30)), AQ42/DDashboard!$C$5,AND(B42>=DATE(2025,5,1), B42<=DATE(2025,5,31)), AQ42/DDashboard!$C$6,AND(B42>=DATE(2025,6,1), B42<=DATE(2025,6,30)), AQ42/DDashboard!$C$7,AND(B42>=DATE(2025,7,1), B42<=DATE(2025,7,31)), AQ42/DDashboard!$C$8,AND(B42>=DATE(2025,8,1), B42<=DATE(2025,8,31)), AQ42/DDashboard!$C$9,AND(B42>=DATE(2025,9,1), B42<=DATE(2025,9,30)), AQ42/DDashboard!$C$10,AND(B42>=DATE(2025,10,1), B42<=DATE(2025,10,31)), AQ42/DDashboard!$C$11,AND(B42>=DATE(2025,11,1), B42<=DATE(2025,11,30)), AQ42/DDashboard!$C$12, AND(B42>=DATE(2025,12,1), B42<=DATE(2025,12,31)), AQ42/DDashboard!$C$13, True, "") -> 0.0017967326 | AS42: {=IF(ISBLANK(C42), "", SUM($AR$9:AR42) )} -> -0.16314515 | AT42: FALSE | AU42: Time-based
A43: 42 | B43: 45880 | C43: HBLENGINE | F43: 677 | G43: =IF(ISBLANK(O43), F43, (N43*F43+O43*P43+R43*S43)/(N43+P43+S43)) -> 677 | H43: 670 | J43: B | K43: =IFERROR(__xludf.DUMMYFUNCTION("IF(ISBLANK(C43), """", GOOGLEFINANCE(""NSE:"" & C43,""price""))"),782.7) -> 782.7 | L43: No Setup | N43: 20 | U43: =if(G43*N43<>0, F43*N43+O43*P43+R43*S43, "") -> 13540 | V43: =IFS(AND(B43>=DATE(2025,1,1), B43<=DATE(2025,1,31)), U43/DDashboard!$C$2, AND(B43>=DATE(2025,2,1), B43<=DATE(2025,2,28)), U43/DDashboard!$C$3, AND(B43>=DATE(2025,3,1), B43<=DATE(2025,3,31)), U43/DDashboard!$C$4, AND(B43>=DATE(2025,4,1), B43<=DATE(2025,4,30)), U43/DDashboard!$C$5,AND(B43>=DATE(2025,5,1), B43<=DATE(2025,5,31)), U43/DDashboard!$C$6,AND(B43>=DATE(2025,6,1), B43<=DATE(2025,6,30)), U43/DDashboard!$C$7,AND(B43>=DATE(2025,7,1), B43<=DATE(2025,7,31)), U43/DDashboard!$C$8,AND(B43>=DATE(2025,8,1), B43<=DATE(2025,8,31)), U43/DDashboard!$C$9,AND(B43>=DATE(2025,9,1), B43<=DATE(2025,9,30)), U43/DDashboard!$C$10,AND(B43>=DATE(2025,10,1), B43<=DATE(2025,10,31)), U43/DDashboard!$C$11,AND(B43>=DATE(2025,11,1), B43<=DATE(2025,11,30)), U43/DDashboard!$C$12, AND(B43>=DATE(2025,12,1), B43<=DATE(2025,12,31)), U43/DDashboard!$C$13, True, "") -> 0.016218506 | W43: =IFS(ISBLANK(H43),"",AND(ISNUMBER(H43),J43="B"),(F43-H43)/F43,AND(ISNUMBER(H43), J43="S"),-(F43-H43)/F43) -> 0.010339734 | X43: 672 | Y43: 20 | Z43: 45880 | AG43: =IF(N43+P43+S43-AH43<>0,N43+P43+S43-AH43,"") | AH43: =if(Y43+AB43+AE43<>0, Y43+AB43+AE43, "") -> 20 | AI43: =IF(ISBLANK(E43), IF(ISBLANK(X43), K43, IFERROR(IF(ISBLANK(C43),X43*Y43+AA43*AB43+AD43*AE43+AG43*K43,X43*Y43+AA43*AB43+AD43*AE43+AG43*G43)/(Y43+AB43+AE43+AG43) , "")),(X43*Y43+AA43*AB43+AD43*AE43+AG43*G43)/(Y43+AB43+AE43+AG43)) -> 672 | AJ43: =IFERROR(IF(J43="B",(AI43-G43)/G43,(G43-AI43)/G43), "") -> -0.0073855244 | AK43: =IFERROR(IFS(AND(J43="B",ISBLANK(I43)),(G43-H43)*AG43,AND(J43="B",ISNUMBER(I43)),(G43-I43)*AG43,AND(J43="S",ISBLANK(I43)),(H43-G43)*AG43,AND(J43="S",ISNUMBER(I43)),(I43-G43)*AG43),"") -> 0 | AL43: =IFERROR(AJ43/W43, "") -> -0.71428571 | AM43: =IF(AN43="", "", IF(AN43="Closed", IF(ISNUMBER(AF43), AF43-B43,IF(ISNUMBER(AC43), AC43-B43,IF(ISNUMBER(Z43), Z43-B43, ""))), TODAY()-B43)) -> 0 | AN43: =IF(ISBLANK(N43), "", IF((N43+P43+S43-AH43)/N43=0, "Closed", (N43+P43+S43-AH43)/(N43+P43+S43))) -> Closed | AO43: =IFS(AND(ISBLANK(AF43),ISBLANK(AC43),AN43="Closed"),Z43, AND(ISBLANK(AF43),AN43="Closed", AC43<>""),AC43,AND(AN43="Closed", AF43<>""),AF43, AN43<>"Closed", "") -> 45880 | AP43: =IF(ISBLANK(N43), "", X43*Y43+AA43*AB43+AD43*AE43) -> 13440 | AQ43: =IFS(AND(ISBLANK(D43),N43<>"",AN43="Closed",J43="B"),(AH43*AI43)-U43,AND(ISBLANK(D43),N43<>"",AN43<>"Closed",J43="B"),(X43*Y43+AA43*AB43+AD43*AE43+K43*AG43)-U43, AND(ISBLANK(D43),N43<>"",AN43="Closed",J43="S"),U43-(AH43*AI43),AND(ISBLANK(D43),N43<>"",AN43<>"Closed",J43="S"),U43-(X43*Y43+AA43*AB43+AD43*AE43+K43*AG43),AND(D43<>"",N43<>"",AH43<>"",AN43="Closed",J43="B"),(AH43*AI43)-(G43*(AG43+AH43)),AND(D43<>"",N43<>"",AH43<>"",AN43="Closed",J43="S"),(G43*(AG43+AH43))-(AH43*AI43),AND(D43<>"",N43<>"",AN43<>"Closed"),"",ISBLANK(B43),"") -> -100 | AR43: =IFS(AND(B43>=DATE(2025,1,1), B43<=DATE(2025,1,31)), AQ43/DDashboard!$C$2, AND(B43>=DATE(2025,2,1), B43<=DATE(2025,2,28)), AQ43/DDashboard!$C$3, AND(B43>=DATE(2025,3,1), B43<=DATE(2025,3,31)), AQ43/DDashboard!$C$4, AND(B43>=DATE(2025,4,1), B43<=DATE(2025,4,30)), AQ43/DDashboard!$C$5,AND(B43>=DATE(2025,5,1), B43<=DATE(2025,5,31)), AQ43/DDashboard!$C$6,AND(B43>=DATE(2025,6,1), B43<=DATE(2025,6,30)), AQ43/DDashboard!$C$7,AND(B43>=DATE(2025,7,1), B43<=DATE(2025,7,31)), AQ43/DDashboard!$C$8,AND(B43>=DATE(2025,8,1), B43<=DATE(2025,8,31)), AQ43/DDashboard!$C$9,AND(B43>=DATE(2025,9,1), B43<=DATE(2025,9,30)), AQ43/DDashboard!$C$10,AND(B43>=DATE(2025,10,1), B43<=DATE(2025,10,31)), AQ43/DDashboard!$C$11,AND(B43>=DATE(2025,11,1), B43<=DATE(2025,11,30)), AQ43/DDashboard!$C$12, AND(B43>=DATE(2025,12,1), B43<=DATE(2025,12,31)), AQ43/DDashboard!$C$13, True, "") -> -0.00011978217 | AS43: {=IF(ISBLANK(C43), "", SUM($AR$9:AR43) )} -> -0.16326493 | AT43: FALSE | AU43: SL
A44: 43 | B44: 45882 | C44: 539195 | D44: POEL | F44: 270 | G44: =IF(ISBLANK(O44), F44, (N44*F44+O44*P44+R44*S44)/(N44+P44+S44)) -> 270 | H44: 260 | J44: B | K44: =IFERROR(__xludf.DUMMYFUNCTION("IF(ISBLANK(C44), """", GOOGLEFINANCE(""BOM:"" & C44,""price""))"),186.0) -> 186 | L44: No Setup | N44: 137 | U44: =if(G44*N44<>0, F44*N44+O44*P44+R44*S44, "") -> 36990 | V44: =IFS(AND(B44>=DATE(2025,1,1), B44<=DATE(2025,1,31)), U44/DDashboard!$C$2, AND(B44>=DATE(2025,2,1), B44<=DATE(2025,2,28)), U44/DDashboard!$C$3, AND(B44>=DATE(2025,3,1), B44<=DATE(2025,3,31)), U44/DDashboard!$C$4, AND(B44>=DATE(2025,4,1), B44<=DATE(2025,4,30)), U44/DDashboard!$C$5,AND(B44>=DATE(2025,5,1), B44<=DATE(2025,5,31)), U44/DDashboard!$C$6,AND(B44>=DATE(2025,6,1), B44<=DATE(2025,6,30)), U44/DDashboard!$C$7,AND(B44>=DATE(2025,7,1), B44<=DATE(2025,7,31)), U44/DDashboard!$C$8,AND(B44>=DATE(2025,8,1), B44<=DATE(2025,8,31)), U44/DDashboard!$C$9,AND(B44>=DATE(2025,9,1), B44<=DATE(2025,9,30)), U44/DDashboard!$C$10,AND(B44>=DATE(2025,10,1), B44<=DATE(2025,10,31)), U44/DDashboard!$C$11,AND(B44>=DATE(2025,11,1), B44<=DATE(2025,11,30)), U44/DDashboard!$C$12, AND(B44>=DATE(2025,12,1), B44<=DATE(2025,12,31)), U44/DDashboard!$C$13, True, "") -> 0.044307425 | W44: =IFS(ISBLANK(H44),"",AND(ISNUMBER(H44),J44="B"),(F44-H44)/F44,AND(ISNUMBER(H44), J44="S"),-(F44-H44)/F44) -> 0.037037037 | AG44: =IF(N44+P44+S44-AH44<>0,N44+P44+S44-AH44,"") -> 137 | AH44: =if(Y44+AB44+AE44<>0, Y44+AB44+AE44, "") | AI44: =IF(ISBLANK(E44), IF(ISBLANK(X44), K44, IFERROR(IF(ISBLANK(C44),X44*Y44+AA44*AB44+AD44*AE44+AG44*K44,X44*Y44+AA44*AB44+AD44*AE44+AG44*G44)/(Y44+AB44+AE44+AG44) , "")),(X44*Y44+AA44*AB44+AD44*AE44+AG44*G44)/(Y44+AB44+AE44+AG44)) -> 186 | AJ44: =IFERROR(IF(J44="B",(AI44-G44)/G44,(G44-AI44)/G44), "") -> -0.31111111 | AK44: =IFERROR(IFS(AND(J44="B",ISBLANK(I44)),(G44-H44)*AG44,AND(J44="B",ISNUMBER(I44)),(G44-I44)*AG44,AND(J44="S",ISBLANK(I44)),(H44-G44)*AG44,AND(J44="S",ISNUMBER(I44)),(I44-G44)*AG44),"") -> 1370 | AL44: =IFERROR(AJ44/W44, "") -> -8.4 | AM44: =IF(AN44="", "", IF(AN44="Closed", IF(ISNUMBER(AF44), AF44-B44, IF(ISNUMBER(AC44), AC44-B44, IF(ISNUMBER(Z44), Z44-B44, "") ) ), TODAY()-B44)) -> 251 | AN44: =IF(ISBLANK(N44), "", IF((N44+P44+S44-AH44)/N44=0, "Closed", (N44+P44+S44-AH44)/(N44+P44+S44))) -> 1 | AO44: =IFS(AND(ISBLANK(AF44),ISBLANK(AC44),AN44="Closed"),Z44, AND(ISBLANK(AF44),AN44="Closed", AC44<>""),AC44,AND(AN44="Closed", AF44<>""),AF44, AN44<>"Closed", "") | AP44: =IF(ISBLANK(N44), "", X44*Y44+AA44*AB44+AD44*AE44) -> 0 | AQ44: =IFS(AND(ISBLANK(D44),N44<>"",AN44="Closed",J44="B"),(AH44*AI44)-U44,AND(ISBLANK(D44),N44<>"",AN44<>"Closed",J44="B"),(X44*Y44+AA44*AB44+AD44*AE44+K44*AG44)-U44, AND(ISBLANK(D44),N44<>"",AN44="Closed",J44="S"),U44-(AH44*AI44),AND(ISBLANK(D44),N44<>"",AN44<>"Closed",J44="S"),U44-(X44*Y44+AA44*AB44+AD44*AE44+K44*AG44),AND(D44<>"",N44<>"",AH44<>"",AN44="Closed",J44="B"),(AH44*AI44)-(G44*(AG44+AH44)),AND(D44<>"",N44<>"",AH44<>"",AN44="Closed",J44="S"),(G44*(AG44+AH44))-(AH44*AI44),AND(D44<>"",N44<>"",AN44<>"Closed"),"",ISBLANK(B44),"") | AR44: =IFS(AND(B44>=DATE(2025,1,1), B44<=DATE(2025,1,31)), AQ44/DDashboard!$C$2, AND(B44>=DATE(2025,2,1), B44<=DATE(2025,2,28)), AQ44/DDashboard!$C$3, AND(B44>=DATE(2025,3,1), B44<=DATE(2025,3,31)), AQ44/DDashboard!$C$4, AND(B44>=DATE(2025,4,1), B44<=DATE(2025,4,30)), AQ44/DDashboard!$C$5,AND(B44>=DATE(2025,5,1), B44<=DATE(2025,5,31)), AQ44/DDashboard!$C$6,AND(B44>=DATE(2025,6,1), B44<=DATE(2025,6,30)), AQ44/DDashboard!$C$7,AND(B44>=DATE(2025,7,1), B44<=DATE(2025,7,31)), AQ44/DDashboard!$C$8,AND(B44>=DATE(2025,8,1), B44<=DATE(2025,8,31)), AQ44/DDashboard!$C$9,AND(B44>=DATE(2025,9,1), B44<=DATE(2025,9,30)), AQ44/DDashboard!$C$10,AND(B44>=DATE(2025,10,1), B44<=DATE(2025,10,31)), AQ44/DDashboard!$C$11,AND(B44>=DATE(2025,11,1), B44<=DATE(2025,11,30)), AQ44/DDashboard!$C$12, AND(B44>=DATE(2025,12,1), B44<=DATE(2025,12,31)), AQ44/DDashboard!$C$13, True, "") -> 0 | AS44: {=IF(ISBLANK(C44), "", SUM($AR$9:AR44) )} -> -0.16326493 | AT44: FALSE
A45: 44 | B45: 45882 | C45: POCL | F45: 1037 | G45: =IF(ISBLANK(O45), F45, (N45*F45+O45*P45+R45*S45)/(N45+P45+S45)) -> 1037 | H45: 1030 | J45: B | K45: =IFERROR(__xludf.DUMMYFUNCTION("IF(ISBLANK(C45), """", GOOGLEFINANCE(""NSE:"" & C45,""price""))"),1182.9) -> 1182.9 | L45: Shakeout | N45: 50 | U45: =if(G45*N45<>0, F45*N45+O45*P45+R45*S45, "") -> 51850 | V45: =IFS(AND(B45>=DATE(2025,1,1), B45<=DATE(2025,1,31)), U45/DDashboard!$C$2, AND(B45>=DATE(2025,2,1), B45<=DATE(2025,2,28)), U45/DDashboard!$C$3, AND(B45>=DATE(2025,3,1), B45<=DATE(2025,3,31)), U45/DDashboard!$C$4, AND(B45>=DATE(2025,4,1), B45<=DATE(2025,4,30)), U45/DDashboard!$C$5,AND(B45>=DATE(2025,5,1), B45<=DATE(2025,5,31)), U45/DDashboard!$C$6,AND(B45>=DATE(2025,6,1), B45<=DATE(2025,6,30)), U45/DDashboard!$C$7,AND(B45>=DATE(2025,7,1), B45<=DATE(2025,7,31)), U45/DDashboard!$C$8,AND(B45>=DATE(2025,8,1), B45<=DATE(2025,8,31)), U45/DDashboard!$C$9,AND(B45>=DATE(2025,9,1), B45<=DATE(2025,9,30)), U45/DDashboard!$C$10,AND(B45>=DATE(2025,10,1), B45<=DATE(2025,10,31)), U45/DDashboard!$C$11,AND(B45>=DATE(2025,11,1), B45<=DATE(2025,11,30)), U45/DDashboard!$C$12, AND(B45>=DATE(2025,12,1), B45<=DATE(2025,12,31)), U45/DDashboard!$C$13, True, "") -> 0.062107056 | W45: =IFS(ISBLANK(H45),"",AND(ISNUMBER(H45),J45="B"),(F45-H45)/F45,AND(ISNUMBER(H45), J45="S"),-(F45-H45)/F45) -> 0.0067502411 | X45: 1038 | Y45: 50 | Z45: 45889 | AG45: =IF(N45+P45+S45-AH45<>0,N45+P45+S45-AH45,"") | AH45: =if(Y45+AB45+AE45<>0, Y45+AB45+AE45, "") -> 50 | AI45: =IF(ISBLANK(E45), IF(ISBLANK(X45), K45, IFERROR(IF(ISBLANK(C45),X45*Y45+AA45*AB45+AD45*AE45+AG45*K45,X45*Y45+AA45*AB45+AD45*AE45+AG45*G45)/(Y45+AB45+AE45+AG45) , "")),(X45*Y45+AA45*AB45+AD45*AE45+AG45*G45)/(Y45+AB45+AE45+AG45)) -> 1038 | AJ45: =IFERROR(IF(J45="B",(AI45-G45)/G45,(G45-AI45)/G45), "") -> 0.00096432015 | AK45: =IFERROR(IFS(AND(J45="B",ISBLANK(I45)),(G45-H45)*AG45,AND(J45="B",ISNUMBER(I45)),(G45-I45)*AG45,AND(J45="S",ISBLANK(I45)),(H45-G45)*AG45,AND(J45="S",ISNUMBER(I45)),(I45-G45)*AG45),"") -> 0 | AL45: =IFERROR(AJ45/W45, "") -> 0.14285714 | AM45: =IF(AN45="", "", IF(AN45="Closed", IF(ISNUMBER(AF45), AF45-B45,IF(ISNUMBER(AC45), AC45-B45,IF(ISNUMBER(Z45), Z45-B45, ""))), TODAY()-B45)) -> 7 | AN45: =IF(ISBLANK(N45), "", IF((N45+P45+S45-AH45)/N45=0, "Closed", (N45+P45+S45-AH45)/(N45+P45+S45))) -> Closed | AO45: =IFS(AND(ISBLANK(AF45),ISBLANK(AC45),AN45="Closed"),Z45, AND(ISBLANK(AF45),AN45="Closed", AC45<>""),AC45,AND(AN45="Closed", AF45<>""),AF45, AN45<>"Closed", "") -> 45889 | AP45: =IF(ISBLANK(N45), "", X45*Y45+AA45*AB45+AD45*AE45) -> 51900 | AQ45: =IFS(AND(ISBLANK(D45),N45<>"",AN45="Closed",J45="B"),(AH45*AI45)-U45,AND(ISBLANK(D45),N45<>"",AN45<>"Closed",J45="B"),(X45*Y45+AA45*AB45+AD45*AE45+K45*AG45)-U45, AND(ISBLANK(D45),N45<>"",AN45="Closed",J45="S"),U45-(AH45*AI45),AND(ISBLANK(D45),N45<>"",AN45<>"Closed",J45="S"),U45-(X45*Y45+AA45*AB45+AD45*AE45+K45*AG45),AND(D45<>"",N45<>"",AH45<>"",AN45="Closed",J45="B"),(AH45*AI45)-(G45*(AG45+AH45)),AND(D45<>"",N45<>"",AH45<>"",AN45="Closed",J45="S"),(G45*(AG45+AH45))-(AH45*AI45),AND(D45<>"",N45<>"",AN45<>"Closed"),"",ISBLANK(B45),"") -> 50 | AR45: =IFS(AND(B45>=DATE(2025,1,1), B45<=DATE(2025,1,31)), AQ45/DDashboard!$C$2, AND(B45>=DATE(2025,2,1), B45<=DATE(2025,2,28)), AQ45/DDashboard!$C$3, AND(B45>=DATE(2025,3,1), B45<=DATE(2025,3,31)), AQ45/DDashboard!$C$4, AND(B45>=DATE(2025,4,1), B45<=DATE(2025,4,30)), AQ45/DDashboard!$C$5,AND(B45>=DATE(2025,5,1), B45<=DATE(2025,5,31)), AQ45/DDashboard!$C$6,AND(B45>=DATE(2025,6,1), B45<=DATE(2025,6,30)), AQ45/DDashboard!$C$7,AND(B45>=DATE(2025,7,1), B45<=DATE(2025,7,31)), AQ45/DDashboard!$C$8,AND(B45>=DATE(2025,8,1), B45<=DATE(2025,8,31)), AQ45/DDashboard!$C$9,AND(B45>=DATE(2025,9,1), B45<=DATE(2025,9,30)), AQ45/DDashboard!$C$10,AND(B45>=DATE(2025,10,1), B45<=DATE(2025,10,31)), AQ45/DDashboard!$C$11,AND(B45>=DATE(2025,11,1), B45<=DATE(2025,11,30)), AQ45/DDashboard!$C$12, AND(B45>=DATE(2025,12,1), B45<=DATE(2025,12,31)), AQ45/DDashboard!$C$13, True, "") -> 5.9891086e-05 | AS45: {=IF(ISBLANK(C45), "", SUM($AR$9:AR45) )} -> -0.16320504 | AT45: FALSE | AU45: Breakeven exit | AW45: Illogical SL
A46: 45 | B46: 45888 | C46: ALPEXSOLAR | F46: 1320 | G46: =IF(ISBLANK(O46), F46, (N46*F46+O46*P46+R46*S46)/(N46+P46+S46)) -> 1320 | H46: 1254 | J46: B | K46: =IF(ISBLANK(C46), "", 1350) -> 1350 | L46: No Setup | N46: 200 | U46: =if(G46*N46<>0, F46*N46+O46*P46+R46*S46, "") -> 264000 | V46: =IFS(AND(B46>=DATE(2025,1,1), B46<=DATE(2025,1,31)), U46/DDashboard!$C$2, AND(B46>=DATE(2025,2,1), B46<=DATE(2025,2,28)), U46/DDashboard!$C$3, AND(B46>=DATE(2025,3,1), B46<=DATE(2025,3,31)), U46/DDashboard!$C$4, AND(B46>=DATE(2025,4,1), B46<=DATE(2025,4,30)), U46/DDashboard!$C$5,AND(B46>=DATE(2025,5,1), B46<=DATE(2025,5,31)), U46/DDashboard!$C$6,AND(B46>=DATE(2025,6,1), B46<=DATE(2025,6,30)), U46/DDashboard!$C$7,AND(B46>=DATE(2025,7,1), B46<=DATE(2025,7,31)), U46/DDashboard!$C$8,AND(B46>=DATE(2025,8,1), B46<=DATE(2025,8,31)), U46/DDashboard!$C$9,AND(B46>=DATE(2025,9,1), B46<=DATE(2025,9,30)), U46/DDashboard!$C$10,AND(B46>=DATE(2025,10,1), B46<=DATE(2025,10,31)), U46/DDashboard!$C$11,AND(B46>=DATE(2025,11,1), B46<=DATE(2025,11,30)), U46/DDashboard!$C$12, AND(B46>=DATE(2025,12,1), B46<=DATE(2025,12,31)), U46/DDashboard!$C$13, True, "") -> 0.31622493 | W46: =IFS(ISBLANK(H46),"",AND(ISNUMBER(H46),J46="B"),(F46-H46)/F46,AND(ISNUMBER(H46), J46="S"),-(F46-H46)/F46) -> 0.05 | X46: 720 | Y46: 100 | Z46: 46111 | AG46: =IF(N46+P46+S46-AH46<>0,N46+P46+S46-AH46,"") -> 100 | AH46: =if(Y46+AB46+AE46<>0, Y46+AB46+AE46, "") -> 100 | AI46: =IF(ISBLANK(E46), IF(ISBLANK(X46), K46, IFERROR(IF(ISBLANK(C46),X46*Y46+AA46*AB46+AD46*AE46+AG46*K46,X46*Y46+AA46*AB46+AD46*AE46+AG46*G46)/(Y46+AB46+AE46+AG46) , "")),(X46*Y46+AA46*AB46+AD46*AE46+AG46*G46)/(Y46+AB46+AE46+AG46)) -> 1020 | AJ46: =IFERROR(IF(J46="B",(AI46-G46)/G46,(G46-AI46)/G46), "") -> -0.22727273 | AK46: =IFERROR(IFS(AND(J46="B",ISBLANK(I46)),(G46-H46)*AG46,AND(J46="B",ISNUMBER(I46)),(G46-I46)*AG46,AND(J46="S",ISBLANK(I46)),(H46-G46)*AG46,AND(J46="S",ISNUMBER(I46)),(I46-G46)*AG46),"") -> 6600 | AL46: =IFERROR(AJ46/W46, "") -> -4.5454545 | AM46: =IF(AN46="", "", IF(AN46="Closed", IF(ISNUMBER(AF46), AF46-B46, IF(ISNUMBER(AC46), AC46-B46, IF(ISNUMBER(Z46), Z46-B46, "") ) ), TODAY()-B46)) -> 245 | AN46: =IF(ISBLANK(N46), "", IF((N46+P46+S46-AH46)/N46=0, "Closed", (N46+P46+S46-AH46)/(N46+P46+S46))) -> 0.5 | AO46: =IFS(AND(ISBLANK(AF46),ISBLANK(AC46),AN46="Closed"),Z46, AND(ISBLANK(AF46),AN46="Closed", AC46<>""),AC46,AND(AN46="Closed", AF46<>""),AF46, AN46<>"Closed", "") | AP46: =IF(ISBLANK(N46), "", X46*Y46+AA46*AB46+AD46*AE46) -> 72000 | AQ46: =IFS(AND(ISBLANK(D46),N46<>"",AN46="Closed",J46="B"),(AH46*AI46)-U46,AND(ISBLANK(D46),N46<>"",AN46<>"Closed",J46="B"),(X46*Y46+AA46*AB46+AD46*AE46+K46*AG46)-U46, AND(ISBLANK(D46),N46<>"",AN46="Closed",J46="S"),U46-(AH46*AI46),AND(ISBLANK(D46),N46<>"",AN46<>"Closed",J46="S"),U46-(X46*Y46+AA46*AB46+AD46*AE46+K46*AG46),AND(D46<>"",N46<>"",AH46<>"",AN46="Closed",J46="B"),(AH46*AI46)-(G46*(AG46+AH46)),AND(D46<>"",N46<>"",AH46<>"",AN46="Closed",J46="S"),(G46*(AG46+AH46))-(AH46*AI46),AND(D46<>"",N46<>"",AN46<>"Closed"),"",ISBLANK(B46),"") -> -57000 | AR46: =IFS(AND(B46>=DATE(2025,1,1), B46<=DATE(2025,1,31)), AQ46/DDashboard!$C$2, AND(B46>=DATE(2025,2,1), B46<=DATE(2025,2,28)), AQ46/DDashboard!$C$3, AND(B46>=DATE(2025,3,1), B46<=DATE(2025,3,31)), AQ46/DDashboard!$C$4, AND(B46>=DATE(2025,4,1), B46<=DATE(2025,4,30)), AQ46/DDashboard!$C$5,AND(B46>=DATE(2025,5,1), B46<=DATE(2025,5,31)), AQ46/DDashboard!$C$6,AND(B46>=DATE(2025,6,1), B46<=DATE(2025,6,30)), AQ46/DDashboard!$C$7,AND(B46>=DATE(2025,7,1), B46<=DATE(2025,7,31)), AQ46/DDashboard!$C$8,AND(B46>=DATE(2025,8,1), B46<=DATE(2025,8,31)), AQ46/DDashboard!$C$9,AND(B46>=DATE(2025,9,1), B46<=DATE(2025,9,30)), AQ46/DDashboard!$C$10,AND(B46>=DATE(2025,10,1), B46<=DATE(2025,10,31)), AQ46/DDashboard!$C$11,AND(B46>=DATE(2025,11,1), B46<=DATE(2025,11,30)), AQ46/DDashboard!$C$12, AND(B46>=DATE(2025,12,1), B46<=DATE(2025,12,31)), AQ46/DDashboard!$C$13, True, "") -> -0.068275838 | AS46: {=IF(ISBLANK(C46), "", SUM($AR$9:AR46) )} -> -0.23148088 | AT46: FALSE
A47: 46 | B47: 45888 | C47: TRANSRAILL | F47: 786.5 | G47: =IF(ISBLANK(O47), F47, (N47*F47+O47*P47+R47*S47)/(N47+P47+S47)) -> 787.875 | H47: 778 | J47: B | K47: =IFERROR(__xludf.DUMMYFUNCTION("IF(ISBLANK(C47), """", GOOGLEFINANCE(""NSE:"" & C47,""price""))"),594.0) -> 594 | L47: Low Cheat | N47: 120 | O47: 792 | P47: 40 | Q47: 45890 | U47: =if(G47*N47<>0, F47*N47+O47*P47+R47*S47, "") -> 126060 | V47: =IFS(AND(B47>=DATE(2025,1,1), B47<=DATE(2025,1,31)), U47/DDashboard!$C$2, AND(B47>=DATE(2025,2,1), B47<=DATE(2025,2,28)), U47/DDashboard!$C$3, AND(B47>=DATE(2025,3,1), B47<=DATE(2025,3,31)), U47/DDashboard!$C$4, AND(B47>=DATE(2025,4,1), B47<=DATE(2025,4,30)), U47/DDashboard!$C$5,AND(B47>=DATE(2025,5,1), B47<=DATE(2025,5,31)), U47/DDashboard!$C$6,AND(B47>=DATE(2025,6,1), B47<=DATE(2025,6,30)), U47/DDashboard!$C$7,AND(B47>=DATE(2025,7,1), B47<=DATE(2025,7,31)), U47/DDashboard!$C$8,AND(B47>=DATE(2025,8,1), B47<=DATE(2025,8,31)), U47/DDashboard!$C$9,AND(B47>=DATE(2025,9,1), B47<=DATE(2025,9,30)), U47/DDashboard!$C$10,AND(B47>=DATE(2025,10,1), B47<=DATE(2025,10,31)), U47/DDashboard!$C$11,AND(B47>=DATE(2025,11,1), B47<=DATE(2025,11,30)), U47/DDashboard!$C$12, AND(B47>=DATE(2025,12,1), B47<=DATE(2025,12,31)), U47/DDashboard!$C$13, True, "") -> 0.15099741 | W47: =IFS(ISBLANK(H47),"",AND(ISNUMBER(H47),J47="B"),(F47-H47)/F47,AND(ISNUMBER(H47), J47="S"),-(F47-H47)/F47) -> 0.010807374 | AG47: =IF(N47+P47+S47-AH47<>0,N47+P47+S47-AH47,"") -> 160 | AH47: =if(Y47+AB47+AE47<>0, Y47+AB47+AE47, "") | AI47: =IF(ISBLANK(E47), IF(ISBLANK(X47), K47, IFERROR(IF(ISBLANK(C47),X47*Y47+AA47*AB47+AD47*AE47+AG47*K47,X47*Y47+AA47*AB47+AD47*AE47+AG47*G47)/(Y47+AB47+AE47+AG47) , "")),(X47*Y47+AA47*AB47+AD47*AE47+AG47*G47)/(Y47+AB47+AE47+AG47)) -> 594 | AJ47: =IFERROR(IF(J47="B",(AI47-G47)/G47,(G47-AI47)/G47), "") -> -0.2460733 | AK47: =IFERROR(IFS(AND(J47="B",ISBLANK(I47)),(G47-H47)*AG47,AND(J47="B",ISNUMBER(I47)),(G47-I47)*AG47,AND(J47="S",ISBLANK(I47)),(H47-G47)*AG47,AND(J47="S",ISNUMBER(I47)),(I47-G47)*AG47),"") -> 1580 | AL47: =IFERROR(AJ47/W47, "") -> -22.769018 | AM47: =IF(AN47="", "", IF(AN47="Closed", IF(ISNUMBER(AF47), AF47-B47,IF(ISNUMBER(AC47), AC47-B47,IF(ISNUMBER(Z47), Z47-B47, ""))), TODAY()-B47)) -> 245 | AN47: =IF(ISBLANK(N47), "", IF((N47+P47+S47-AH47)/N47=0, "Closed", (N47+P47+S47-AH47)/(N47+P47+S47))) -> 1 | AO47: =IFS(AND(ISBLANK(AF47),ISBLANK(AC47),AN47="Closed"),Z47, AND(ISBLANK(AF47),AN47="Closed", AC47<>""),AC47,AND(AN47="Closed", AF47<>""),AF47, AN47<>"Closed", "") | AP47: =IF(ISBLANK(N47), "", X47*Y47+AA47*AB47+AD47*AE47) -> 0 | AQ47: =IFS(AND(ISBLANK(D47),N47<>"",AN47="Closed",J47="B"),(AH47*AI47)-U47,AND(ISBLANK(D47),N47<>"",AN47<>"Closed",J47="B"),(X47*Y47+AA47*AB47+AD47*AE47+K47*AG47)-U47, AND(ISBLANK(D47),N47<>"",AN47="Closed",J47="S"),U47-(AH47*AI47),AND(ISBLANK(D47),N47<>"",AN47<>"Closed",J47="S"),U47-(X47*Y47+AA47*AB47+AD47*AE47+K47*AG47),AND(D47<>"",N47<>"",AH47<>"",AN47="Closed",J47="B"),(AH47*AI47)-(G47*(AG47+AH47)),AND(D47<>"",N47<>"",AH47<>"",AN47="Closed",J47="S"),(G47*(AG47+AH47))-(AH47*AI47),AND(D47<>"",N47<>"",AN47<>"Closed"),"",ISBLANK(B47),"") -> -31020 | AR47: =IFS(AND(B47>=DATE(2025,1,1), B47<=DATE(2025,1,31)), AQ47/DDashboard!$C$2, AND(B47>=DATE(2025,2,1), B47<=DATE(2025,2,28)), AQ47/DDashboard!$C$3, AND(B47>=DATE(2025,3,1), B47<=DATE(2025,3,31)), AQ47/DDashboard!$C$4, AND(B47>=DATE(2025,4,1), B47<=DATE(2025,4,30)), AQ47/DDashboard!$C$5,AND(B47>=DATE(2025,5,1), B47<=DATE(2025,5,31)), AQ47/DDashboard!$C$6,AND(B47>=DATE(2025,6,1), B47<=DATE(2025,6,30)), AQ47/DDashboard!$C$7,AND(B47>=DATE(2025,7,1), B47<=DATE(2025,7,31)), AQ47/DDashboard!$C$8,AND(B47>=DATE(2025,8,1), B47<=DATE(2025,8,31)), AQ47/DDashboard!$C$9,AND(B47>=DATE(2025,9,1), B47<=DATE(2025,9,30)), AQ47/DDashboard!$C$10,AND(B47>=DATE(2025,10,1), B47<=DATE(2025,10,31)), AQ47/DDashboard!$C$11,AND(B47>=DATE(2025,11,1), B47<=DATE(2025,11,30)), AQ47/DDashboard!$C$12, AND(B47>=DATE(2025,12,1), B47<=DATE(2025,12,31)), AQ47/DDashboard!$C$13, True, "") -> -0.03715643 | AS47: {=IF(ISBLANK(C47), "", SUM($AR$9:AR47) )} -> -0.26863731 | AT47: FALSE
A48: 47 | B48: 45888 | C48: SHREEPUSHK | F48: 357 | G48: =IF(ISBLANK(O48), F48, (N48*F48+O48*P48+R48*S48)/(N48+P48+S48)) -> 357 | H48: 350 | J48: B | K48: =IFERROR(__xludf.DUMMYFUNCTION("IF(ISBLANK(C48), """", GOOGLEFINANCE(""NSE:"" & C48,""price""))"),341.0) -> 341 | L48: Low Cheat | N48: 250 | U48: =if(G48*N48<>0, F48*N48+O48*P48+R48*S48, "") -> 89250 | V48: =IFS(AND(B48>=DATE(2025,1,1), B48<=DATE(2025,1,31)), U48/DDashboard!$C$2, AND(B48>=DATE(2025,2,1), B48<=DATE(2025,2,28)), U48/DDashboard!$C$3, AND(B48>=DATE(2025,3,1), B48<=DATE(2025,3,31)), U48/DDashboard!$C$4, AND(B48>=DATE(2025,4,1), B48<=DATE(2025,4,30)), U48/DDashboard!$C$5,AND(B48>=DATE(2025,5,1), B48<=DATE(2025,5,31)), U48/DDashboard!$C$6,AND(B48>=DATE(2025,6,1), B48<=DATE(2025,6,30)), U48/DDashboard!$C$7,AND(B48>=DATE(2025,7,1), B48<=DATE(2025,7,31)), U48/DDashboard!$C$8,AND(B48>=DATE(2025,8,1), B48<=DATE(2025,8,31)), U48/DDashboard!$C$9,AND(B48>=DATE(2025,9,1), B48<=DATE(2025,9,30)), U48/DDashboard!$C$10,AND(B48>=DATE(2025,10,1), B48<=DATE(2025,10,31)), U48/DDashboard!$C$11,AND(B48>=DATE(2025,11,1), B48<=DATE(2025,11,30)), U48/DDashboard!$C$12, AND(B48>=DATE(2025,12,1), B48<=DATE(2025,12,31)), U48/DDashboard!$C$13, True, "") -> 0.10690559 | W48: =IFS(ISBLANK(H48),"",AND(ISNUMBER(H48),J48="B"),(F48-H48)/F48,AND(ISNUMBER(H48), J48="S"),-(F48-H48)/F48) -> 0.019607843 | AG48: =IF(N48+P48+S48-AH48<>0,N48+P48+S48-AH48,"") -> 250 | AH48: =if(Y48+AB48+AE48<>0, Y48+AB48+AE48, "") | AI48: =IF(ISBLANK(E48), IF(ISBLANK(X48), K48, IFERROR(IF(ISBLANK(C48),X48*Y48+AA48*AB48+AD48*AE48+AG48*K48,X48*Y48+AA48*AB48+AD48*AE48+AG48*G48)/(Y48+AB48+AE48+AG48) , "")),(X48*Y48+AA48*AB48+AD48*AE48+AG48*G48)/(Y48+AB48+AE48+AG48)) -> 341 | AJ48: =IFERROR(IF(J48="B",(AI48-G48)/G48,(G48-AI48)/G48), "") -> -0.044817927 | AK48: =IFERROR(IFS(AND(J48="B",ISBLANK(I48)),(G48-H48)*AG48,AND(J48="B",ISNUMBER(I48)),(G48-I48)*AG48,AND(J48="S",ISBLANK(I48)),(H48-G48)*AG48,AND(J48="S",ISNUMBER(I48)),(I48-G48)*AG48),"") -> 1750 | AL48: =IFERROR(AJ48/W48, "") -> -2.2857143 | AM48: =IF(AN48="", "", IF(AN48="Closed", IF(ISNUMBER(AF48), AF48-B48, IF(ISNUMBER(AC48), AC48-B48, IF(ISNUMBER(Z48), Z48-B48, "") ) ), TODAY()-B48)) -> 245 | AN48: =IF(ISBLANK(N48), "", IF((N48+P48+S48-AH48)/N48=0, "Closed", (N48+P48+S48-AH48)/(N48+P48+S48))) -> 1 | AO48: =IFS(AND(ISBLANK(AF48),ISBLANK(AC48),AN48="Closed"),Z48, AND(ISBLANK(AF48),AN48="Closed", AC48<>""),AC48,AND(AN48="Closed", AF48<>""),AF48, AN48<>"Closed", "") | AP48: =IF(ISBLANK(N48), "", X48*Y48+AA48*AB48+AD48*AE48) -> 0 | AQ48: =IFS(AND(ISBLANK(D48),N48<>"",AN48="Closed",J48="B"),(AH48*AI48)-U48,AND(ISBLANK(D48),N48<>"",AN48<>"Closed",J48="B"),(X48*Y48+AA48*AB48+AD48*AE48+K48*AG48)-U48, AND(ISBLANK(D48),N48<>"",AN48="Closed",J48="S"),U48-(AH48*AI48),AND(ISBLANK(D48),N48<>"",AN48<>"Closed",J48="S"),U48-(X48*Y48+AA48*AB48+AD48*AE48+K48*AG48),AND(D48<>"",N48<>"",AH48<>"",AN48="Closed",J48="B"),(AH48*AI48)-(G48*(AG48+AH48)),AND(D48<>"",N48<>"",AH48<>"",AN48="Closed",J48="S"),(G48*(AG48+AH48))-(AH48*AI48),AND(D48<>"",N48<>"",AN48<>"Closed"),"",ISBLANK(B48),"") -> -4000 | AR48: =IFS(AND(B48>=DATE(2025,1,1), B48<=DATE(2025,1,31)), AQ48/DDashboard!$C$2, AND(B48>=DATE(2025,2,1), B48<=DATE(2025,2,28)), AQ48/DDashboard!$C$3, AND(B48>=DATE(2025,3,1), B48<=DATE(2025,3,31)), AQ48/DDashboard!$C$4, AND(B48>=DATE(2025,4,1), B48<=DATE(2025,4,30)), AQ48/DDashboard!$C$5,AND(B48>=DATE(2025,5,1), B48<=DATE(2025,5,31)), AQ48/DDashboard!$C$6,AND(B48>=DATE(2025,6,1), B48<=DATE(2025,6,30)), AQ48/DDashboard!$C$7,AND(B48>=DATE(2025,7,1), B48<=DATE(2025,7,31)), AQ48/DDashboard!$C$8,AND(B48>=DATE(2025,8,1), B48<=DATE(2025,8,31)), AQ48/DDashboard!$C$9,AND(B48>=DATE(2025,9,1), B48<=DATE(2025,9,30)), AQ48/DDashboard!$C$10,AND(B48>=DATE(2025,10,1), B48<=DATE(2025,10,31)), AQ48/DDashboard!$C$11,AND(B48>=DATE(2025,11,1), B48<=DATE(2025,11,30)), AQ48/DDashboard!$C$12, AND(B48>=DATE(2025,12,1), B48<=DATE(2025,12,31)), AQ48/DDashboard!$C$13, True, "") -> -0.0047912869 | AS48: {=IF(ISBLANK(C48), "", SUM($AR$9:AR48) )} -> -0.2734286 | AT48: FALSE
A49: 48 | B49: 45890 | C49: CRIZAC | F49: 328.75 | G49: =IF(ISBLANK(O49), F49, (N49*F49+O49*P49+R49*S49)/(N49+P49+S49)) -> 328.75 | H49: 324.75 | J49: B | K49: =IFERROR(__xludf.DUMMYFUNCTION("IF(ISBLANK(C49), """", GOOGLEFINANCE(""NSE:"" & C49,""price""))"),230.0) -> 230 | L49: IPO base | M49: 1 M | N49: 150 | U49: =if(G49*N49<>0, F49*N49+O49*P49+R49*S49, "") -> 49312.5 | V49: =IFS(AND(B49>=DATE(2025,1,1), B49<=DATE(2025,1,31)), U49/DDashboard!$C$2, AND(B49>=DATE(2025,2,1), B49<=DATE(2025,2,28)), U49/DDashboard!$C$3, AND(B49>=DATE(2025,3,1), B49<=DATE(2025,3,31)), U49/DDashboard!$C$4, AND(B49>=DATE(2025,4,1), B49<=DATE(2025,4,30)), U49/DDashboard!$C$5,AND(B49>=DATE(2025,5,1), B49<=DATE(2025,5,31)), U49/DDashboard!$C$6,AND(B49>=DATE(2025,6,1), B49<=DATE(2025,6,30)), U49/DDashboard!$C$7,AND(B49>=DATE(2025,7,1), B49<=DATE(2025,7,31)), U49/DDashboard!$C$8,AND(B49>=DATE(2025,8,1), B49<=DATE(2025,8,31)), U49/DDashboard!$C$9,AND(B49>=DATE(2025,9,1), B49<=DATE(2025,9,30)), U49/DDashboard!$C$10,AND(B49>=DATE(2025,10,1), B49<=DATE(2025,10,31)), U49/DDashboard!$C$11,AND(B49>=DATE(2025,11,1), B49<=DATE(2025,11,30)), U49/DDashboard!$C$12, AND(B49>=DATE(2025,12,1), B49<=DATE(2025,12,31)), U49/DDashboard!$C$13, True, "") -> 0.059067583 | W49: =IFS(ISBLANK(H49),"",AND(ISNUMBER(H49),J49="B"),(F49-H49)/F49,AND(ISNUMBER(H49), J49="S"),-(F49-H49)/F49) -> 0.0121673 | X49: 340.38 | Y49: 100 | Z49: 45890 | AG49: =IF(N49+P49+S49-AH49<>0,N49+P49+S49-AH49,"") -> 50 | AH49: =if(Y49+AB49+AE49<>0, Y49+AB49+AE49, "") -> 100 | AI49: =IF(ISBLANK(E49), IF(ISBLANK(X49), K49, IFERROR(IF(ISBLANK(C49),X49*Y49+AA49*AB49+AD49*AE49+AG49*K49,X49*Y49+AA49*AB49+AD49*AE49+AG49*G49)/(Y49+AB49+AE49+AG49) , "")),(X49*Y49+AA49*AB49+AD49*AE49+AG49*G49)/(Y49+AB49+AE49+AG49)) -> 336.50333 | AJ49: =IFERROR(IF(J49="B",(AI49-G49)/G49,(G49-AI49)/G49), "") -> 0.023584284 | AK49: =IFERROR(IFS(AND(J49="B",ISBLANK(I49)),(G49-H49)*AG49,AND(J49="B",ISNUMBER(I49)),(G49-I49)*AG49,AND(J49="S",ISBLANK(I49)),(H49-G49)*AG49,AND(J49="S",ISNUMBER(I49)),(I49-G49)*AG49),"") -> 200 | AL49: =IFERROR(AJ49/W49, "") -> 1.9383333 | AM49: =IF(AN49="", "", IF(AN49="Closed", IF(ISNUMBER(AF49), AF49-B49,IF(ISNUMBER(AC49), AC49-B49,IF(ISNUMBER(Z49), Z49-B49, ""))), TODAY()-B49)) -> 243 | AN49: =IF(ISBLANK(N49), "", IF((N49+P49+S49-AH49)/N49=0, "Closed", (N49+P49+S49-AH49)/(N49+P49+S49))) -> 0.33333333 | AO49: =IFS(AND(ISBLANK(AF49),ISBLANK(AC49),AN49="Closed"),Z49, AND(ISBLANK(AF49),AN49="Closed", AC49<>""),AC49,AND(AN49="Closed", AF49<>""),AF49, AN49<>"Closed", "") | AP49: =IF(ISBLANK(N49), "", X49*Y49+AA49*AB49+AD49*AE49) -> 34038 | AQ49: =IFS(AND(ISBLANK(D49),N49<>"",AN49="Closed",J49="B"),(AH49*AI49)-U49,AND(ISBLANK(D49),N49<>"",AN49<>"Closed",J49="B"),(X49*Y49+AA49*AB49+AD49*AE49+K49*AG49)-U49, AND(ISBLANK(D49),N49<>"",AN49="Closed",J49="S"),U49-(AH49*AI49),AND(ISBLANK(D49),N49<>"",AN49<>"Closed",J49="S"),U49-(X49*Y49+AA49*AB49+AD49*AE49+K49*AG49),AND(D49<>"",N49<>"",AH49<>"",AN49="Closed",J49="B"),(AH49*AI49)-(G49*(AG49+AH49)),AND(D49<>"",N49<>"",AH49<>"",AN49="Closed",J49="S"),(G49*(AG49+AH49))-(AH49*AI49),AND(D49<>"",N49<>"",AN49<>"Closed"),"",ISBLANK(B49),"") -> -3774.5 | AR49: =IFS(AND(B49>=DATE(2025,1,1), B49<=DATE(2025,1,31)), AQ49/DDashboard!$C$2, AND(B49>=DATE(2025,2,1), B49<=DATE(2025,2,28)), AQ49/DDashboard!$C$3, AND(B49>=DATE(2025,3,1), B49<=DATE(2025,3,31)), AQ49/DDashboard!$C$4, AND(B49>=DATE(2025,4,1), B49<=DATE(2025,4,30)), AQ49/DDashboard!$C$5,AND(B49>=DATE(2025,5,1), B49<=DATE(2025,5,31)), AQ49/DDashboard!$C$6,AND(B49>=DATE(2025,6,1), B49<=DATE(2025,6,30)), AQ49/DDashboard!$C$7,AND(B49>=DATE(2025,7,1), B49<=DATE(2025,7,31)), AQ49/DDashboard!$C$8,AND(B49>=DATE(2025,8,1), B49<=DATE(2025,8,31)), AQ49/DDashboard!$C$9,AND(B49>=DATE(2025,9,1), B49<=DATE(2025,9,30)), AQ49/DDashboard!$C$10,AND(B49>=DATE(2025,10,1), B49<=DATE(2025,10,31)), AQ49/DDashboard!$C$11,AND(B49>=DATE(2025,11,1), B49<=DATE(2025,11,30)), AQ49/DDashboard!$C$12, AND(B49>=DATE(2025,12,1), B49<=DATE(2025,12,31)), AQ49/DDashboard!$C$13, True, "") -> -0.0045211781 | AS49: {=IF(ISBLANK(C49), "", SUM($AR$9:AR49) )} -> -0.27794977 | AT49: FALSE | AU49: Target
A50: 49 | G50: =IF(ISBLANK(O50), F50, (N50*F50+O50*P50+R50*S50)/(N50+P50+S50)) | K50: =IFERROR(__xludf.DUMMYFUNCTION("IF(ISBLANK(C50), """", GOOGLEFINANCE(""NSE:"" & C50,""price""))"),"") | U50: =if(G50*N50<>0, F50*N50+O50*P50+R50*S50, "") | V50: =IFS(AND(B50>=DATE(2025,1,1), B50<=DATE(2025,1,31)), U50/DDashboard!$C$2, AND(B50>=DATE(2025,2,1), B50<=DATE(2025,2,28)), U50/DDashboard!$C$3, AND(B50>=DATE(2025,3,1), B50<=DATE(2025,3,31)), U50/DDashboard!$C$4, AND(B50>=DATE(2025,4,1), B50<=DATE(2025,4,30)), U50/DDashboard!$C$5,AND(B50>=DATE(2025,5,1), B50<=DATE(2025,5,31)), U50/DDashboard!$C$6,AND(B50>=DATE(2025,6,1), B50<=DATE(2025,6,30)), U50/DDashboard!$C$7,AND(B50>=DATE(2025,7,1), B50<=DATE(2025,7,31)), U50/DDashboard!$C$8,AND(B50>=DATE(2025,8,1), B50<=DATE(2025,8,31)), U50/DDashboard!$C$9,AND(B50>=DATE(2025,9,1), B50<=DATE(2025,9,30)), U50/DDashboard!$C$10,AND(B50>=DATE(2025,10,1), B50<=DATE(2025,10,31)), U50/DDashboard!$C$11,AND(B50>=DATE(2025,11,1), B50<=DATE(2025,11,30)), U50/DDashboard!$C$12, AND(B50>=DATE(2025,12,1), B50<=DATE(2025,12,31)), U50/DDashboard!$C$13, True, "") | W50: =IFS(ISBLANK(H50),"",AND(ISNUMBER(H50),J50="B"),(F50-H50)/F50,AND(ISNUMBER(H50), J50="S"),-(F50-H50)/F50) | AG50: =IF(N50+P50+S50-AH50<>0,N50+P50+S50-AH50,"") | AH50: =if(Y50+AB50+AE50<>0, Y50+AB50+AE50, "") | AI50: =IF(ISBLANK(E50), IF(ISBLANK(X50), K50, IFERROR(IF(ISBLANK(C50),X50*Y50+AA50*AB50+AD50*AE50+AG50*K50,X50*Y50+AA50*AB50+AD50*AE50+AG50*G50)/(Y50+AB50+AE50+AG50) , "")),(X50*Y50+AA50*AB50+AD50*AE50+AG50*G50)/(Y50+AB50+AE50+AG50)) | AJ50: =IFERROR(IF(J50="B",(AI50-G50)/G50,(G50-AI50)/G50), "") | AK50: =IFERROR(IFS(AND(J50="B",ISBLANK(I50)),(G50-H50)*AG50,AND(J50="B",ISNUMBER(I50)),(G50-I50)*AG50,AND(J50="S",ISBLANK(I50)),(H50-G50)*AG50,AND(J50="S",ISNUMBER(I50)),(I50-G50)*AG50),"") | AL50: =IFERROR(AJ50/W50, "") | AM50: =IF(AN50="", "", IF(AN50="Closed", IF(ISNUMBER(AF50), AF50-B50, IF(ISNUMBER(AC50), AC50-B50, IF(ISNUMBER(Z50), Z50-B50, "") ) ), TODAY()-B50)) | AN50: =IF(ISBLANK(N50), "", IF((N50+P50+S50-AH50)/N50=0, "Closed", (N50+P50+S50-AH50)/(N50+P50+S50))) | AO50: =IFS(AND(ISBLANK(AF50),ISBLANK(AC50),AN50="Closed"),Z50, AND(ISBLANK(AF50),AN50="Closed", AC50<>""),AC50,AND(AN50="Closed", AF50<>""),AF50, AN50<>"Closed", "") | AP50: =IF(ISBLANK(N50), "", X50*Y50+AA50*AB50+AD50*AE50) | AQ50: =IFS(AND(ISBLANK(D50),N50<>"",AN50="Closed",J50="B"),(AH50*AI50)-U50,AND(ISBLANK(D50),N50<>"",AN50<>"Closed",J50="B"),(X50*Y50+AA50*AB50+AD50*AE50+K50*AG50)-U50, AND(ISBLANK(D50),N50<>"",AN50="Closed",J50="S"),U50-(AH50*AI50),AND(ISBLANK(D50),N50<>"",AN50<>"Closed",J50="S"),U50-(X50*Y50+AA50*AB50+AD50*AE50+K50*AG50),AND(D50<>"",N50<>"",AH50<>"",AN50="Closed",J50="B"),(AH50*AI50)-(G50*(AG50+AH50)),AND(D50<>"",N50<>"",AH50<>"",AN50="Closed",J50="S"),(G50*(AG50+AH50))-(AH50*AI50),AND(D50<>"",N50<>"",AN50<>"Closed"),"",ISBLANK(B50),"") | AR50: =IFS(AND(B50>=DATE(2025,1,1), B50<=DATE(2025,1,31)), AQ50/DDashboard!$C$2, AND(B50>=DATE(2025,2,1), B50<=DATE(2025,2,28)), AQ50/DDashboard!$C$3, AND(B50>=DATE(2025,3,1), B50<=DATE(2025,3,31)), AQ50/DDashboard!$C$4, AND(B50>=DATE(2025,4,1), B50<=DATE(2025,4,30)), AQ50/DDashboard!$C$5,AND(B50>=DATE(2025,5,1), B50<=DATE(2025,5,31)), AQ50/DDashboard!$C$6,AND(B50>=DATE(2025,6,1), B50<=DATE(2025,6,30)), AQ50/DDashboard!$C$7,AND(B50>=DATE(2025,7,1), B50<=DATE(2025,7,31)), AQ50/DDashboard!$C$8,AND(B50>=DATE(2025,8,1), B50<=DATE(2025,8,31)), AQ50/DDashboard!$C$9,AND(B50>=DATE(2025,9,1), B50<=DATE(2025,9,30)), AQ50/DDashboard!$C$10,AND(B50>=DATE(2025,10,1), B50<=DATE(2025,10,31)), AQ50/DDashboard!$C$11,AND(B50>=DATE(2025,11,1), B50<=DATE(2025,11,30)), AQ50/DDashboard!$C$12, AND(B50>=DATE(2025,12,1), B50<=DATE(2025,12,31)), AQ50/DDashboard!$C$13, True, "") | AS50: {=IF(ISBLANK(C50), "", SUM($AR$9:AR50) )} | AT50: FALSE
